"Company_Name","Address","Revenue"
"SUMITOMO ELECTRIC INDUSTRIES, LTD.","South Penrith,New South Wales Australia","$29,330.72M"
"CUMMINS FILTRATION INTERNATIONAL CORP.","Melbourne,Victoria Australia","$23,571M"
"VIVA ENERGY GROUP LIMITED","Docklands,Victoria Australia","$17,470.68M"
"AMCOR PLC","Southbank,Victoria Australia","$14,694M"
"BP AUSTRALIA GROUP PTY LTD","Docklands,Victoria Australia","$14,517.58M"
"BP AUSTRALIA INVESTMENTS PTY LTD","Docklands,Victoria Australia","$14,458.13M"
"CSL LIMITED","Melbourne,Victoria Australia","$13,310M"
"EXXONMOBIL AUSTRALIA PTY LTD","Docklands,Victoria Australia","$11,483.53M"
"BLUESCOPE STEEL LIMITED","Melbourne,Victoria Australia","$11,288.46M"
"TOYOTA MOTOR CORPORATION AUSTRALIA LIMITED","Port Melbourne,Victoria Australia","$8,309.1M"
"INDUSTRY PARK PTY. LTD.","Brooklyn,Victoria Australia","$5,664.62M"
"WACKER CHEMIE AG","Mulgrave,Victoria Australia","$5,451.84M"
"ORICA LIMITED","East Melbourne,Victoria Australia","$5,133.53M"
"AMCOR HOLDINGS (AUSTRALIA) PTY LIMITED","Southbank,Victoria Australia","$3,999.2M"
"JAMES HARDIE INDUSTRIES PUBLIC LIMITED COMPANY","Sydney,New South Wales Australia","$3,777.1M"
"INITIATING EXPLOSIVES SYSTEMS PTY. LTD.","East Melbourne,Victoria Australia","$3,647.16M"
"INCITEC PIVOT LIMITED","Southbank,Victoria Australia","$3,491.25M"
"NBN CO LIMITED","North Sydney,New South Wales Australia","$3,445.39M"
"AMCOR PTY LTD","Southbank,Victoria Australia","$3,400M"
"ASAHI HOLDINGS (AUSTRALIA) PTY LTD","Southbank,Victoria Australia","$3,367.9M"
"MINDRAY MEDICAL AUSTRALIA PTY LTD","Notting Hill,Victoria Australia","$3,194.48M"
"ORORA LIMITED","Hawthorn,Victoria Australia","$3,109.22M"
"DOWNER EDI WORKS PTY LTD","Melbourne,Victoria Australia","$2,980.06M"
"BLUESCOPE STEEL (AIS) PTY. LTD.","Mount Waverley,Victoria Australia","$2,872.34M"
"CARGILL AUSTRALIA LIMITED","Southbank,Victoria Australia","$2,827.66M"
"AMCOR FINANCE AUSTRALIA PTY LTD","Southbank,Victoria Australia","$2,714.65M"
"AMCOR EUROPEAN HOLDINGS PTY LTD","Southbank,Victoria Australia","$2,714.65M"
"AMCOR PACKAGING (ASIA) PTY LTD","Southbank,Victoria Australia","$2,714.65M"
"AMCOR FLEXIBLES (PORT MELBOURNE) PTY LTD","Southbank,Victoria Australia","$2,714.65M"
"AMCOR INVESTMENTS PROPRIETARY LIMITED","Southbank,Victoria Australia","$2,714.65M"
"DULUXGROUP LIMITED","Clayton,Victoria Australia","$2,517.43M"
"NUFARM LIMITED","Laverton North,Victoria Australia","$2,248.85M"
"PEKO-WALLSEND PTY LTD","Melbourne,Victoria Australia","$2,128.54M"
"A.C.N. 166 119 133 PTY LTD","Southbank,Victoria Australia","$2,035.75M"
"TREASURY WINE ESTATES LIMITED","Melbourne,Victoria Australia","$1,858.74M"
"CUB AUSTRALIA HOLDING PTY LTD","Southbank,Victoria Australia","$1,790.77M"
"ANSELL LIMITED","Richmond,Victoria Australia","$1,655.1M"
"NEW ZEALAND MILK (AUSTRALASIA) PTY LTD","Mount Waverley,Victoria Australia","$1,578.46M"
"DC HOLDINGS WA PTY LTD","Melbourne,Victoria Australia","$1,371.24M"
"BP AUSTRALIA PTY LTD","Docklands,Victoria Australia","$1,343.02M"
"ELITE CUSTOMER SOLUTIONS PTY LTD","Melbourne,Victoria Australia","$1,343.02M"
"PACCAR AUSTRALIA PTY. LTD.","Bayswater,Victoria Australia","$1,325.28M"
"MONDELEZ INTERNATIONAL AMEA PTE. LTD.","South Melbourne,Victoria Australia","$1,297.04M"
"MONDELEZ AUSTRALIA HOLDINGS PTY LTD","South Melbourne,Victoria Australia","$1,289.13M"
"PACT GROUP HOLDINGS LTD","Cremorne,Victoria Australia","$1,274.19M"
"RELIANCE WORLDWIDE CORPORATION LIMITED","Melbourne,Victoria Australia","$1,243.8M"
"MARS WRIGLEY AUSTRALIA HOLDINGS PTY LTD","Asquith,New South Wales Australia","$1,216.55M"
"PAPER AUSTRALIA PTY LTD","Burnley,Victoria Australia","$1,210.92M"
"UNITED MALT GROUP PTY LIMITED","Sydney,New South Wales Australia","$1,073.77M"
"THE TRUSTEE FOR SOUTHERN PAPER CONVERTERS TRUST","Southbank,Victoria Australia","$1,059.38M"
"FISHER & PAYKEL HEALTHCARE CORPORATION LIMITED","Ringwood,Victoria Australia","$1,044.01M"
"SUGAR AUSTRALIA PTY LIMITED","Yarraville,Victoria Australia","$1,042.58M"
"SIMPLOT AUSTRALIA (HOLDINGS) PTY LIMITED","Mentone,Victoria Australia","$1,033.52M"
"HAEMONETICS AUSTRALIA PTY LTD","North Ryde,New South Wales Australia","$993.2M"
"CUMMINS SOUTH PACIFIC PTY. LTD.","Scoresby,Victoria Australia","$947.65M"
"IX INFRASTRUCTURE PTY LTD","East Melbourne,Victoria Australia","$915.36M"
"BP BULWER ISLAND PTY LTD","Pinkenba,Queensland Australia","$847.64M"
"RIDLEY CORPORATION LIMITED","Melbourne,Victoria Australia","$824M"
"ORICA EXPLOSIVES TECHNOLOGY PTY LTD","East Melbourne,Victoria Australia","$802.34M"
"VISY BOARD PROPRIETARY LIMITED","Southbank,Victoria Australia","$787.81M"
"AGRIUM AUSTRALIA PTY LTD","Docklands,Victoria Australia","$785.82M"
"SECOS GROUP LTD","Mount Waverley,Victoria Australia","$775.76M"
"VAX APPLIANCES (AUSTRALIA) PTY. LTD.","Mount Waverley,Victoria Australia","$754.09M"
"CATERPILLAR HOLDINGS AUSTRALIA PTY LTD","Brisbane City,Queensland Australia","$734.72M"
"HBI HOLDINGS AUSTRALASIA PTY LTD","Kew,Victoria Australia","$729.27M"
"ALCHEMY HOLDINGS PTY LTD","Ashford,South Australia Australia","$686.09M"
"AMPACET AUSTRALIA PTY LTD","Keysborough,Victoria Australia","$681.64M"
"AMOTIV LIMITED","South Melbourne,Victoria Australia","$678.03M"
"VIADUX PTY LTD","Cremorne,Victoria Australia","$661.28M"
"HE KNOWS TRUCK PARTS PTY LTD","Mount Waverley,Victoria Australia","$651.67M"
"KMD BRANDS LIMITED","South Melbourne,Victoria Australia","$650.02M"
"AMEROPA AUSTRALIA PTY LTD","Melbourne,Victoria Australia","$649.36M"
"MCCAIN FOODS (AUST) PTY LTD","Wendouree,Victoria Australia","$640.48M"
"KRAFT HEINZ AUSTRALIA PTY LIMITED","Southbank,Victoria Australia","$597.17M"
"TUROSI PTY LTD","Thomastown,Victoria Australia","$586.46M"
"AMA GROUP LIMITED","Melbourne,Victoria Australia","$568.63M"
"ALSAFE PREMIX CONCRETE PTY LTD","Somerton,Victoria Australia","$522.94M"
"HS COMPANY PTY LIMITED","Dandenong South,Victoria Australia","$518.54M"
"BAYER CROPSCIENCE HOLDINGS PTY LTD","Hawthorn,Victoria Australia","$513.57M"
"TENIX HOLDINGS INTERNATIONAL PTY LIMITED","Melbourne,Victoria Australia","$503.33M"
"A. C. COMPONENTS PTY. LTD.","Cremorne,Victoria Australia","$497.39M"
"AIR PLUS PTY LTD","Cremorne,Victoria Australia","$497.39M"
"QENOS PTY LTD","Sydney,New South Wales Australia","$496.28M"
"QENOS HOLDINGS PTY LTD","Altona,Victoria Australia","$496.28M"
"BAYVIEW PTY LIMITED","Port Melbourne,Victoria Australia","$489.41M"
"QENOS CONSULTING PTY LTD","Altona,Victoria Australia","$487.17M"
"DANAHER AUSTRALIA HOLDING PTY LTD","Mount Waverley,Victoria Australia","$484.39M"
"BHP NICKEL WEST PTY LTD","Perth,Western Australia Australia","$482.72M"
"BP OIL AUSTRALIA PTY LTD","Docklands,Victoria Australia","$478.62M"
"VISY PULP AND PAPER PTY. LTD.","Southbank,Victoria Australia","$475.29M"
"MIDFIELD MEAT INTERNATIONAL PTY. LTD.","Warrnambool,Victoria Australia","$472.16M"
"ITW AUSTRALIA HOLDINGS PTY LTD","Melbourne,Victoria Australia","$468.85M"
"HWG HOLDINGS PTY LIMITED","Port Melbourne,Victoria Australia","$468.38M"
"PEERLESS HOLDINGS PTY. LIMITED","Braybrook,Victoria Australia","$467.38M"
"GM HOLDINGS AUSTRALIA PTY LTD","Port Melbourne,Victoria Australia","$460.85M"
"BOEING AEROSTRUCTURES AUSTRALIA PTY LIMITED","Port Melbourne,Victoria Australia","$445.31M"
"ORICA EXPLOSIVES HOLDINGS NO 2 PTY LTD","East Melbourne,Victoria Australia","$444.25M"
"ORICA EXPLOSIVES HOLDINGS PTY LTD","East Melbourne,Victoria Australia","$444.25M"
"ORICA INVESTMENTS PTY LTD","East Melbourne,Victoria Australia","$444.25M"
"ORICA IC ASSETS PTY LTD","Kooragang,New South Wales Australia","$444.25M"
"RIVIERA HOLDINGS (AUS) PTY LTD","Mulgrave,Victoria Australia","$443.14M"
"UNITED MILK TASMANIA PTY LTD","Spreyton,Tasmania Australia","$440.25M"
"MARBLE SWIRL HOLDINGS PTY LTD","St Kilda,Victoria Australia","$439.11M"
"ARB CORPORATION LIMITED","Kilsyth,Victoria Australia","$438.92M"
"GLAXOSMITHKLINE HOLDINGS PTY LTD","Abbotsford,Victoria Australia","$436.18M"
"ASSA ABLOY AUSTRALIA PACIFIC PTY. LIMITED","Oakleigh,Victoria Australia","$436.04M"
"THERMO ELECTRON AUSTRALIA PTY LIMITED","Scoresby,Victoria Australia","$435.05M"
"AKD TIMBER TRADING PTY LTD","Colac,Victoria Australia","$431.81M"
"ONEFORTYONE PLANTATIONS HOLDINGS PTY LTD","Southbank,Victoria Australia","$403.92M"
"NEXANS AUSTRALIA HOLDING PTY LIMITED","Melbourne,Victoria Australia","$401.91M"
"VISY PACKAGING PTY. LTD.","Southbank,Victoria Australia","$401.66M"
"BASF AUSTRALIA LTD.","Southbank,Victoria Australia","$396.32M"
"BMC HOLDINGS (VIC) PTY. LTD.","Morwell,Victoria Australia","$394.02M"
"PREMIUM FLOORS AUSTRALIA PTY LIMITED","Keysborough,Victoria Australia","$375.49M"
"AUSTRALIAN MEAT GROUP PTY LTD","Dandenong,Victoria Australia","$373.6M"
"WENGFU AUSTRALIA PTY LTD","Port Melbourne,Victoria Australia","$371.25M"
"JAS OCEANIA PTY. LTD.","Tullamarine,Victoria Australia","$364.66M"
"APEX BUILDING PRODUCTS PTY LTD","Dandenong South,Victoria Australia","$363.96M"
"BLACKMAGIC DESIGN PTY LTD","South Melbourne,Victoria Australia","$356.53M"
"N.H.P. ELECTRICAL ENGINEERING PRODUCTS PROPRIETARY LIMITED","Richmond,Victoria Australia","$355.58M"
"PPG INDUSTRIES AUSTRALIA PTY LIMITED","Clayton,Victoria Australia","$350.05M"
"JEPPESEN AUSTRALIA PTY LTD","Tullamarine,Victoria Australia","$340.31M"
"PATTIES FOODS PTY LIMITED","Mentone,Victoria Australia","$338.37M"
"TELIX PHARMACEUTICALS LIMITED","North Melbourne,Victoria Australia","$328.33M"
"HENKEL AUSTRALIA PTY LTD","Kilsyth,Victoria Australia","$327.45M"
"GOLDEN GROVE HOLDINGS (NO. 2) PTY LTD","West Perth,Western Australia Australia","$316.21M"
"R.T.S. TECHNOLOGIES PTY. LTD.","Melbourne,Victoria Australia","$311.54M"
"BOORTMALT AUSTRALIA PTY LTD","Southbank,Victoria Australia","$310.92M"
"INCITEC PIVOT FERTILISERS LIMITED","Townsville,Queensland Australia","$307.19M"
"ESSITY AUSTRALASIA PTY LTD","Springvale,Victoria Australia","$305.71M"
"ROBERT BOSCH (AUSTRALIA) PROPRIETARY LIMITED","Clayton,Victoria Australia","$305.45M"
"CSL BEHRING (HOLDINGS) PTY LTD","Melbourne,Victoria Australia","$305.34M"
"CSL FINANCE PTY LTD","Melbourne,Victoria Australia","$305.34M"
"DGL GROUP LIMITED","Unanderra,New South Wales Australia","$304.71M"
"JAYCO UNIT TRUST","Dandenong,Victoria Australia","$302.21M"
"FONTERRA BRANDS (AUSTRALIA) PTY LTD","Richmond,Victoria Australia","$296.21M"
"FONTERRA MILK AUSTRALIA PTY LTD","Richmond,Victoria Australia","$296.21M"
"FONTERRA INGREDIENTS AUSTRALIA PTY LTD","Richmond,Victoria Australia","$296.21M"
"A.G. COOMBS GROUP PTY. LTD.","Moorabbin,Victoria Australia","$295.97M"
"HIGHBROOK HOLDINGS PTY LTD","South Melbourne,Victoria Australia","$291.5M"
"MOUNTAIN H2O PTY LTD","Ocean Grove,Victoria Australia","$284.21M"
"SCHWEPPES HOLDINGS PTY LTD","Southbank,Victoria Australia","$284.21M"
"ASAHI BEVERAGES AUSTRALIA PTY LTD","Southbank,Victoria Australia","$284.21M"
"T D NOONE RETAIL PTY LTD","Werribee,Victoria Australia","$279.82M"
"SLADE PHARMACY MANAGEMENT PTY LTD","Mount Waverley,Victoria Australia","$272.25M"
"AIR LIQUIDE AUSTRALIA LIMITED","Melbourne,Victoria Australia","$267.48M"
"STRANGELOVE BEVERAGE COMPANY PTY LTD","Collingwood,Victoria Australia","$265.79M"
"LOPA PTY LTD","Southbank,Victoria Australia","$265.79M"
"ASAHI BEVERAGES PTY LTD","Southbank,Victoria Australia","$265.79M"
"MOUNTAIN GOAT BEER PTY LTD","Richmond,Victoria Australia","$265.79M"
"DULUXGROUP (EMPLOYEE SHARE PLANS) PTY LTD","Clayton,Victoria Australia","$265.54M"
"DULUXGROUP (NOMINEES) PTY LTD","Clayton,Victoria Australia","$265.54M"
"DULUXGROUP (AUSTRALIA) PTY LTD","Clayton,Victoria Australia","$265.54M"
"DULUX HOLDINGS PTY LTD","Clayton,Victoria Australia","$265.54M"
"DULUXGROUP (NEW ZEALAND) PTY LTD","Clayton,Victoria Australia","$265.54M"
"DULUXGROUP (FINANCE) PTY LTD","Clayton,Victoria Australia","$265.54M"
"DULUXGROUP (INVESTMENTS) PTY LTD","Clayton,Victoria Australia","$265.54M"
"DKSH PERFORMANCE MATERIALS PTY LIMITED","Southbank,Victoria Australia","$264.48M"
"SIEMENS LTD.","Bayswater,Victoria Australia","$263.42M"
"MOTOROLA SOLUTIONS AUSTRALIA PTY. LIMITED","Burwood East,Victoria Australia","$262.57M"
"FIXATION BREWING PTY LTD","Collingwood,Victoria Australia","$258.19M"
"HEALESVILLE DISTILLING PTY LTD","Healesville,Victoria Australia","$257.47M"
"TREASURY WINE ESTATES (CHINA) HOLDING CO PTY LTD","Melbourne,Victoria Australia","$255.03M"
"LINDEMAN (HOLDINGS) LTD","Melbourne,Victoria Australia","$255.03M"
"SOUTHCORP WINES PTY LTD","Melbourne,Victoria Australia","$255.03M"
"THE ROTHBURY ESTATE PTY LTD","Melbourne,Victoria Australia","$255.03M"
"PENFOLDS WINES INTERNATIONAL LIMITED","Melbourne,Victoria Australia","$255.03M"
"ALDERSHOT NOMINEES PTY. LTD.","Melbourne,Victoria Australia","$255.03M"
"TOLLEY, SCOTT & TOLLEY LIMITED","Melbourne,Victoria Australia","$255.03M"
"SOUTHCORP LIMITED","Melbourne,Victoria Australia","$255.03M"
"SOUTHCORP BRANDS PTY LIMITED","Melbourne,Victoria Australia","$255.03M"
"INTERBEV PTY. LIMITED","Melbourne,Victoria Australia","$255.03M"
"TATURA MILK INDUSTRIES PTY LTD","Tatura,Victoria Australia","$251.67M"
"LINCOLN VALLEY PTY LTD","Sunshine,Victoria Australia","$246.31M"
"TIMBERLINK AUSTRALIA PTY LIMITED","Scoresby,Victoria Australia","$245.85M"
"OMN INVESTMENTS PTY. LTD.","Mulgrave,Victoria Australia","$242.85M"
"GENERAL MILLS HOLDING (AUSTRALIA) PTY LTD","Mount Waverley,Victoria Australia","$241.59M"
"MARS AUSTRALIA PTY LTD","Wodonga,Victoria Australia","$239.33M"
"VIVA ENERGY AUSTRALIA GROUP PTY LTD","Docklands,Victoria Australia","$233.6M"
"AUTOMATIC TECHNOLOGY (AUSTRALIA) PTY. LTD.","Keysborough,Victoria Australia","$233.48M"
"IVECO TRUCKS AUSTRALIA PTY LTD","Dandenong,Victoria Australia","$232.85M"
"GE POWER HOLDINGS AUSTRALIA PTY LTD","Melbourne,Victoria Australia","$230.86M"
"PARCHEM CONSTRUCTION SUPPLIES PTY LTD","Padstow,New South Wales Australia","$230.39M"
"NO. 1 RIVERSIDE QUAY PROPRIETARY LIMITED","Docklands,Victoria Australia","$225.26M"
"FUTURIS AUTOMOTIVE INTERIORS (AUSTRALIA) PTY LTD","Port Melbourne,Victoria Australia","$224.9M"
"DORMAKABA HOLDING AUSTRALIA PTY LTD","Hallam,Victoria Australia","$224.1M"
"KOPPERS AUSTRALIA HOLDING COMPANY PTY LTD","North Sydney,New South Wales Australia","$223.45M"
"THOMAS FOODS INTERNATIONAL STAWELL PTY LIMITED","Stawell,Victoria Australia","$222.87M"
"MUNRO FOOTWEAR GROUP PTY LTD","Abbotsford,Victoria Australia","$222.62M"
"PRO-PAC PACKAGING LIMITED","Reservoir,Victoria Australia","$221.74M"
"VISY INDUSTRIES AUSTRALIA PTY LTD","Southbank,Victoria Australia","$221.14M"
"A-P OLEFINS FINANCE PTY LIMITED","Docklands,Victoria Australia","$220.4M"
"MOBIL AUSTRALIA RESOURCES COMPANY PTY LIMITED","Docklands,Victoria Australia","$220.4M"
"MOBIL REFINING AUSTRALIA PTY. LTD.","Docklands,Victoria Australia","$220.4M"
"MOBIL OIL AUSTRALIA PTY LTD","Docklands,Victoria Australia","$220.4M"
"MOBIL EXPLORATION & PRODUCING AUSTRALIA PTY LTD","Docklands,Victoria Australia","$220.4M"
"ESSO AUSTRALIA RESOURCES PTY LTD","Docklands,Victoria Australia","$220.4M"
"THE BETTER DRINKS CO PTY LTD","Renmark,South Australia Australia","$217.55M"
"SASS & BIDE PTY LTD","Alexandria,New South Wales Australia","$217.53M"
"EMOLEUM ROAD SERVICES PTY LTD","Melbourne,Victoria Australia","$217.22M"
"MOTION INDUSTRIAL SOLUTIONS PTY LTD","Truganina,Victoria Australia","$216.47M"
"MARUBENI ALUMINIUM AUSTRALIA PTY. LTD.","Melbourne,Victoria Australia","$216.06M"
"BORAL RESOURCES (VIC.) PTY. LIMITED","Port Melbourne,Victoria Australia","$209.73M"
"PENRITE HOLDINGS PTY. LTD.","Dandenong South,Victoria Australia","$206.14M"
"RINNAI AUSTRALIA PTY. LTD.","Keysborough,Victoria Australia","$205.87M"
"THE DEMPSEY GROUP PTY. LTD.","Hawthorn,Victoria Australia","$202.9M"
"CEDAR UNITED ABATTOIRS PTY LTD","Pakenham,Victoria Australia","$198.58M"
"AKZO NOBEL COATINGS (HOLDINGS) PTY LIMITED","Sunshine North,Victoria Australia","$197.03M"
"CITIC RESOURCES AUSTRALIA PTY LTD","Melbourne,Victoria Australia","$196.95M"
"PENRITE OIL CO. PTY. LTD.","Dandenong South,Victoria Australia","$195.8M"
"CTC PRECAST PTY LTD","Shepparton,Victoria Australia","$194.15M"
"LANTRAK PTY LTD","Ormeau,Queensland Australia","$191.85M"
"SPC GLOBAL LTD","Essendon Fields,Victoria Australia","$191.56M"
"SELECTION STEEL TRADING PTY. LTD.","Dandenong South,Victoria Australia","$191.41M"
"FOX & LILLIE PTY. LTD.","South Melbourne,Victoria Australia","$191.22M"
"RIVERINA OILS & BIO ENERGY PTY LTD","Southbank,Victoria Australia","$190.85M"
"ANCA PTY LTD","Bayswater North,Victoria Australia","$190.56M"
"G. & K. O'CONNOR PTY. LTD.","Pakenham,Victoria Australia","$189.49M"
"ALSTOM TRANSPORT (VLOCITY MAINTENANCE)  AUSTRALIA PTY LIMITED","Dandenong,Victoria Australia","$188.42M"
"GEOFABRICS AUSTRALASIA PTY. LTD.","Braeside,Victoria Australia","$186.43M"
"MOFFAT GROUP PTY LIMITED","Mulgrave,Victoria Australia","$186.26M"
"BITO-LAGERTECHNIK BITTMANN GMBH","Docklands,Victoria Australia","$185.81M"
"KCML PROJECTS PTY LTD","Burnley,Victoria Australia","$184.43M"
"PAPER PRODUCTS MARKETING PTY LTD","Mount Waverley,Victoria Australia","$184.43M"
"EMEIS HOLDINGS PTY LTD","Collingwood,Victoria Australia","$183.63M"
"B&D AUSTRALIA PTY LTD","Revesby,New South Wales Australia","$182.35M"
"SAPUTO DAIRY AUSTRALIA PTY LTD","Southbank,Victoria Australia","$178.69M"
"WARRNAMBOOL CHEESE AND BUTTER FACTORY COMPANY HOLDINGS LIMITED","Southbank,Victoria Australia","$178.69M"
"FCHEM (AUST) LIMITED","Laverton North,Victoria Australia","$177.78M"
"SELCHEM PTY LTD","Laverton North,Victoria Australia","$177.78M"
"MASTRA CORPORATION PTY LTD","Laverton North,Victoria Australia","$177.78M"
"AGRYL HOLDINGS LIMITED","Laverton North,Victoria Australia","$177.78M"
"NUFARM AUSTRALIA LIMITED","Laverton North,Victoria Australia","$177.78M"
"MEDISUP SECURITIES LIMITED","Laverton North,Victoria Australia","$177.78M"
"NUFARM TREASURY PTY. LTD.","Laverton North,Victoria Australia","$177.78M"
"ENERGY POWER SYSTEMS AUSTRALIA PTY. LIMITED.","Mulgrave,Victoria Australia","$177.69M"
"EMERSON PROCESS MANAGEMENT AUSTRALIA PTY LTD","Bayswater,Victoria Australia","$174.58M"
"VISYPET PTY. LTD.","Southbank,Victoria Australia","$173.99M"
"MONDE NISSIN (AUSTRALIA) PTY LTD","Mulgrave,Victoria Australia","$173.81M"
"NILSEN (VIC) PTY LTD","Bibra Lake,Western Australia Australia","$172.31M"
"PARF COMPANY 2 PTY LTD","Melbourne,Victoria Australia","$171.82M"
"WILMAR BIOETHANOL (AUSTRALIA) PTY LTD","Yarraville,Victoria Australia","$171.45M"
"BOORTMALT ASIA PACIFIC PTY LTD","Southbank,Victoria Australia","$169.76M"
"GRUMA OCEANIA PTY LTD","Epping,Victoria Australia","$169.25M"
"CSF PROTEINS PROPRIETARY LIMITED","Maroota,New South Wales Australia","$169.24M"
"WPP LARGE FORMAT PRODUCTION PTY LTD","Keysborough,Victoria Australia","$167.58M"
"DANIEL ROBERTSON AUSTRALIA PTY LTD","Horsley Park,New South Wales Australia","$167.23M"
"HANES IP BONDS AUSTRALIA PTY LTD","Kew,Victoria Australia","$165.27M"
"EATON ELECTRICAL (AUSTRALIA) PTY LTD","Mascot,New South Wales Australia","$163.79M"
"MONDELEZ NEW ZEALAND HOLDINGS (AUSTRALIA) PTY LTD","South Melbourne,Victoria Australia","$163.23M"
"HDI TRADING PTY LTD","Warners Bay,New South Wales Australia","$162.86M"
"GE POWER NZ HOLDINGS PTY LTD","North Ryde,New South Wales Australia","$162.24M"
"INTERVET SCHERING-PLOUGH ANIMAL HEALTH PTY LTD","East Bendigo,Victoria Australia","$161.15M"
"CHOBANI AUSTRALIA PTY LTD","Dandenong South,Victoria Australia","$160.77M"
"WOODWARD FOODS AUSTRALIA PTY LTD","Swan Hill,Victoria Australia","$160.13M"
"ROCLA VIC PTY LIMITED","Shepparton,Victoria Australia","$157.49M"
"NEUREN PHARMACEUTICALS LIMITED","Camberwell,Victoria Australia","$156.84M"
"VAWDREY MANUFACTURING PTY. LTD.","Dandenong South,Victoria Australia","$156.02M"
"PETSTOCK (BALLARAT) PTY LTD","Bakery Hill,Victoria Australia","$155.93M"
"E.B. MAWSON & SONS PROPRIETARY LIMITED","Cohuna,Victoria Australia","$155.1M"
"FLUIDRA AUSTRALIA PTY LTD","Keysborough,Victoria Australia","$154.79M"
"SOUTHERN CROSS ALUMINIUM PTY LTD","Melbourne,Victoria Australia","$154.52M"
"FUTURIS AUTOMOTIVE INTERIORS HOLDINGS PTY LTD","Melbourne,Victoria Australia","$153.61M"
"GLOBE INTERNATIONAL LIMITED","Port Melbourne,Victoria Australia","$153.24M"
"SORBENT PAPER COMPANY PTY LTD","Box Hill,Victoria Australia","$152.94M"
"BLUESCOPE DISTRIBUTION PTY LTD","Melbourne,Victoria Australia","$152.8M"
"SEQIRUS PTY LTD","Parkville,Victoria Australia","$152.5M"
"SEQIRUS (AUSTRALIA) PTY LTD","Melbourne,Victoria Australia","$152.5M"
"SSANGYONG AUSTRALIA PTY LTD","Heatherton,Victoria Australia","$152.39M"
"GRAPHIC PACKAGING INTERNATIONAL AUSTRALIA PTY LIMITED","Braeside,Victoria Australia","$152.06M"
"EGO PHARMACEUTICALS PTY LTD","Braeside,Victoria Australia","$149.87M"
"CICERO CLOTHING PTY. LTD.","Burnley,Victoria Australia","$149.43M"
"COMMSCOPE HOLDINGS AUSTRALIA PTY LTD","Mount Waverley,Victoria Australia","$149.15M"
"DYNO NOBEL PTY LIMITED","Murarrie,Queensland Australia","$149M"
"HEXION PTY LTD","Murarrie,Queensland Australia","$147.19M"
"J G KING BUILDING GROUP PTY LTD","Alfredton,Victoria Australia","$146.62M"
"NAGASE SINGAPORE (PTE) LTD.","Wheelers Hill,Victoria Australia","$146.41M"
"ALSTOM TRANSPORT (CUSTOMER SUPPORT) AUSTRALIA PTY LIMITED","Dandenong,Victoria Australia","$146.21M"
"METALCORP STEEL PTY LIMITED","Melbourne,Victoria Australia","$144.58M"
"OPAL PACKAGING AUSTRALIA PTY LTD","Burnley,Victoria Australia","$143.39M"
"CENTRAL PRE-MIX CONCRETE PTY. LTD.","Campbellfield,Victoria Australia","$142.62M"
"AGRIUM SOUTH PACIFIC PTY LIMITED","Docklands,Victoria Australia","$141.45M"
"AGRIUM ASIA PACIFIC RISKASSIST LIMITED","Docklands,Victoria Australia","$141.45M"
"OCEANIA GLASS PTY LTD","Cranbourne West,Victoria Australia","$141.11M"
"BWX LIMITED","Clayton,Victoria Australia","$140.82M"
"LIFE-SPACE GROUP PTY LTD","Clayton,Victoria Australia","$140.74M"
"EVOLUTION HEALTH PTY. LTD.","Clayton,Victoria Australia","$140.06M"
"PROBIOTEC PTY LTD","Laverton North,Victoria Australia","$139.95M"
"AUSTRALIAN SURFACE TECHNOLOGIES PTY LTD","Dandenong South,Victoria Australia","$139.2M"
"ESSO AUSTRALIA PTY LTD","Docklands,Victoria Australia","$139.11M"
"SIEMENS GAMESA RENEWABLE ENERGY PTY LTD","Burnley,Victoria Australia","$139.08M"
"RIVIANA FOODS PTY. LTD.","Chadstone,Victoria Australia","$138.93M"
"PEARSON AUSTRALIA HOLDINGS PTY LTD","Melbourne,Victoria Australia","$137.65M"
"CSL BEHRING (AUSTRALIA) PTY LTD","Broadmeadows,Victoria Australia","$137.5M"
"METROLL VICTORIA PTY LIMITED","Preston,Victoria Australia","$136.27M"
"FLUICONNECTO RYCO AUSTRALIA PTY LTD","Derrimut,Victoria Australia","$134.81M"
"CROPLANDS EQUIPMENT PTY LTD","Dry Creek,South Australia Australia","$134.14M"
"SCHIAVELLO PTY LTD","Tullamarine,Victoria Australia","$133.99M"
"CATERPILLAR OF AUSTRALIA PTY LTD","Tullamarine,Victoria Australia","$133.83M"
"JAMESTRONG AUSTRALASIA HOLDINGS PTY LTD","Richmond,Victoria Australia","$133.65M"
"SELECT HARVESTS LIMITED","Richmond,Victoria Australia","$133.1M"
"L3HARRIS AUSTRALIA FINANCE PTY LIMITED","Turner,Australian Capital Territory Australia","$132.67M"
"MAXIPARTS LIMITED","Truganina,Victoria Australia","$131.88M"
"VISY BOARD (WODONGA) PTY. LTD.","Southbank,Victoria Australia","$130.7M"
"LES CREUX AUSTRALIA PTY LTD","Dandenong South,Victoria Australia","$129.83M"
"BLUESCOPE STEEL (FINANCE) LIMITED","Melbourne,Victoria Australia","$129.76M"
"JA SOLAR AUSTRALIA PTY LIMITED","Dandenong,Victoria Australia","$129.21M"
"CSL INNOVATION PTY LTD","Melbourne,Victoria Australia","$128.61M"
"LOGISTIK PTY LTD","Thomastown,Victoria Australia","$128.57M"
"BERTOCCHI SMALLGOODS PTY LTD","Thomastown,Victoria Australia","$128.22M"
"AUTOPACIFIC GROUP HOLDINGS PTY LTD","Keysborough,Victoria Australia","$127.61M"
"ENERGY SOLUTIONS PTY LTD","Melbourne,Victoria Australia","$127.55M"
"SHERIDAN AUSTRALIA PTY LIMITED","Pyrmont,New South Wales Australia","$125.65M"
"HANES AUSTRALIA PTY LTD","Kew,Victoria Australia","$125.65M"
"HANES INNERWEAR AUSTRALIA PTY LTD","Kew,Victoria Australia","$125.65M"
"HANES AUSTRALASIA PTY LTD","Kew,Victoria Australia","$125.65M"
"HANES HOLDINGS AUSTRALASIA PTY LTD","Hartwell,Victoria Australia","$125.65M"
"TUROSI FARMING PTY LTD","Thomastown,Victoria Australia","$125.44M"
"CONTINENTAL POULTRY PTY. LTD.","Thomastown,Victoria Australia","$125.44M"
"APIAM ANIMAL HEALTH LIMITED","East Bendigo,Victoria Australia","$125.39M"
"VEYANCE TECHNOLOGIES AUSTRALIA PTY LTD","Bayswater,Victoria Australia","$125.26M"
"DIRECTED ELECTRONICS AUSTRALIA PTY LTD","Melbourne Airport,Victoria Australia","$122.98M"
"SCHIAVELLO TECHNOLOGIES PTY. LTD.","Tullamarine,Victoria Australia","$122.83M"
"GALE PACIFIC LIMITED","Braeside,Victoria Australia","$122.65M"
"MIDWAY LIMITED","North Shore,Victoria Australia","$122.6M"
"SLADE HEALTH PTY LTD","Mount Waverley,Victoria Australia","$122.6M"
"TREASURY WINE ESTATES AUSTRALIA LIMITED","Melbourne,Victoria Australia","$122.1M"
"TREASURY WINE ESTATES (NZ) HOLDING CO PTY LTD","Melbourne,Victoria Australia","$122.1M"
"SCW905 LIMITED","Melbourne,Victoria Australia","$122.1M"
"BERINGER BLASS WINES PTY LTD","Melbourne,Victoria Australia","$122.1M"
"SOUTHCORP INTERNATIONAL INVESTMENTS PTY LTD","Melbourne,Victoria Australia","$122.1M"
"MILDARA HOLDINGS PTY LIMITED","Melbourne,Victoria Australia","$122.1M"
"BILYARA VINEYARDS PTY. LTD.","Melbourne,Victoria Australia","$122.1M"
"WOLF BLASS WINES PTY LTD","Nuriootpa,South Australia Australia","$122.1M"
"MAJORCA PTY. LTD.","Melbourne,Victoria Australia","$120.56M"
"BEGA DAIRY AND DRINKS PTY LTD","Docklands,Victoria Australia","$119.76M"
"FONTERRA AUSTRALIA PTY LTD","Richmond,Victoria Australia","$119.76M"
"VOSSLOH AUSTRALIA PTY LIMITED","Sydney,New South Wales Australia","$118.84M"
"H.J. LANGDON & CO. PROPRIETARY LIMITED","Derrimut,Victoria Australia","$118.1M"
"MCCORMICK FOODS AUSTRALIA PTY. LTD.","Clayton South,Victoria Australia","$117.79M"
"MARCOPOLO AUSTRALIA HOLDINGS PTY LTD","Dandenong,Victoria Australia","$117.53M"
"VOLGREN AUSTRALIA PTY. LIMITED","Dandenong,Victoria Australia","$117.52M"
"WONDEREST LIMITED","Beaumaris,Victoria Australia","$117.21M"
"SALIENT ASIA PACIFIC PTY LTD","Cremorne,Victoria Australia","$116.56M"
"TETRA PAK MANUFACTURING PTY. LIMITED","Hawthorn,Victoria Australia","$116.34M"
"HERITAGE GLASS PRODUCTS (SA) PTY LTD","Tullamarine,Victoria Australia","$115.71M"
"KYVALLEY DAIRY GROUP PTY LTD","Kyabram,Victoria Australia","$115.65M"
"MONDELEZ AUSTRALIA PTY LTD","South Melbourne,Victoria Australia","$115.52M"
"AIRMASTER AUSTRALIA PTY. LTD.","Scoresby,Victoria Australia","$115.48M"
"RYOWA DEVELOPMENT II PTY. LIMITED","Brisbane City,Queensland Australia","$113.99M"
"FUTURIS GLOBAL HOLDINGS PTY LTD","Melbourne,Victoria Australia","$113.54M"
"TRICAB GROUP PTY LTD","Port Melbourne,Victoria Australia","$112.99M"
"NATIONAL CAN INDUSTRIES PTY LTD","Preston,Victoria Australia","$112.55M"
"GODFREY HIRST LOGISTICS PTY LTD","Bayswater North,Victoria Australia","$112.13M"
"AUSTRALIAN DEFENCE APPAREL PTY LTD","Thomastown,Victoria Australia","$112.12M"
"4 PINES BREWING COMPANY WHOLESALE PTY LIMITED","Brookvale,New South Wales Australia","$111.94M"
"4 PINES BREWING HOLDINGS PTY LTD","Southbank,Victoria Australia","$111.94M"
"EMENCEE PTY LTD","Currumbin,Queensland Australia","$111.94M"
"CUB BEVERAGE INVESTMENTS PTY LTD","Southbank,Victoria Australia","$111.94M"
"PIRATE LIFE BREWING PTY LTD","Southbank,Victoria Australia","$111.94M"
"THE CONTINENTAL SPIRITS COMPANY PTY LTD","Southbank,Victoria Australia","$111.94M"
"BULMER AUSTRALIA PTY LTD","Southbank,Victoria Australia","$111.94M"
"BREWING INVESTMENTS PTY LTD","Southbank,Victoria Australia","$111.94M"
"AMAYANA PTY. LTD.","Southbank,Victoria Australia","$111.94M"
"CUB PTY LTD","Southbank,Victoria Australia","$111.94M"
"FOSTER'S GROUP PTY LTD","Southbank,Victoria Australia","$111.94M"
"SAB AUSTRALIA PTY LTD","Collingwood,Victoria Australia","$111.94M"
"4 PINES BREWING COMPANY PTY LIMITED","Charlestown,New South Wales Australia","$111.94M"
"MBBC PTY LTD","Healesville,Victoria Australia","$111.94M"
"QUEENSLAND BREWERIES PTY LTD","Yatala,Queensland Australia","$111.94M"
"CUB PEOPLE PTY LTD","Southbank,Victoria Australia","$111.94M"
"FACTORY X PTY. LTD.","Abbotsford,Victoria Australia","$111.33M"
"BUCHER MUNICIPAL PTY LTD","Clayton,Victoria Australia","$110.94M"
"COBRAM ESTATE OLIVES LIMITED","Lara,Victoria Australia","$110.48M"
"GARDEN CITY PLANTERS PTY. LTD.","Dandenong South,Victoria Australia","$110.13M"
"PENTAIR AUSTRALIA HOLDINGS PTY LTD","Dandenong South,Victoria Australia","$109.28M"
"MONDELEZ AUSTRALIA (FOODS) LTD","South Melbourne,Victoria Australia","$108.79M"
"KF (AUSTRALIA) PTY LTD","South Melbourne,Victoria Australia","$108.79M"
"GOURMET FOOD FINANCE PTY LTD","Dandenong South,Victoria Australia","$108.46M"
"CARMAN'S FINE FOODS PTY LTD","Cheltenham,Victoria Australia","$108.45M"
"NOTE PRINTING AUSTRALIA LIMITED","Craigieburn,Victoria Australia","$107.87M"
"MALTEUROP AUSTRALIA PTY LTD","Geelong North,Victoria Australia","$107.52M"
"STEEL MAINS HOLDINGS PTY LTD","Somerton,Victoria Australia","$107.28M"
"STEEL MAINS PROPRIETARY LIMITED","Somerton,Victoria Australia","$107.28M"
"SCHIAVELLO MANUFACTURING OF AUSTRALIA PTY. LTD.","Tullamarine,Victoria Australia","$106.64M"
"TRAJAN GROUP HOLDINGS LIMITED","Ringwood,Victoria Australia","$106.03M"
"ARA MANUFACTURE PTY LTD","Derrimut,Victoria Australia","$105.9M"
"UACJ AUSTRALIA PTY. LIMITED","Melbourne,Victoria Australia","$105.66M"
"VISY INDUSTRIES HOLDINGS PTY LTD","Southbank,Victoria Australia","$105.05M"
"AIR INTERNATIONAL THERMAL (CHINA) PTY LTD","Wheelers Hill,Victoria Australia","$104.99M"
"PACIFIC MEAT HOLDINGS PTY LTD","Thomastown,Victoria Australia","$104.76M"
"RLM HOLDINGS PTY. LTD.","Clayton,Victoria Australia","$104.44M"
"GOOD FOOD PARTNERS HOLDCO PTY LTD","Rowville,Victoria Australia","$103.74M"
"COUNTRY ROAD INTERNATIONAL PTY. LTD.","Burnley,Victoria Australia","$102.7M"
"BITUMINOUS PRODUCTS HOLDINGS PTY LTD","East Melbourne,Victoria Australia","$102.03M"
"SURDEX STEEL PTY. LIMITED","Dandenong South,Victoria Australia","$101.83M"
"SENTRY MEDICAL PTY LIMITED","Eastern Creek,New South Wales Australia","$101.78M"
"SNF (AUSTRALIA) PTY. LIMITED","Lara,Victoria Australia","$101.61M"
"TILLING TIMBER PROPRIETARY LIMITED","Kilsyth,Victoria Australia","$101.34M"
"IFF AUSTRALIA HOLDINGS PTY LIMITED","Dandenong South,Victoria Australia","$100.61M"
"CANADIAN SOLAR MSS (AUSTRALIA) PTY LTD","Carlton,Victoria Australia","$100.41M"
"CATAPULT GROUP INTERNATIONAL LTD","Prahran,Victoria Australia","$100M"
"BALLANTYNE PTY. LTD.","South Melbourne,Victoria Australia","$99.9M"
"M.C. HERD PROPRIETARY LIMITED","Corio,Victoria Australia","$99.79M"
"H TROON PTY LTD","Ballarat,Victoria Australia","$99.74M"
"ADCHEM (AUSTRALIA) PTY. LTD.","Burra,South Australia Australia","$99.46M"
"AUSTRALIA MALT HOLDCO PTY LTD","Sydney,New South Wales Australia","$99.37M"
"MARINE POWER INTERNATIONAL LLC","Rowville,Victoria Australia","$99M"
"AB FOOD & BEVERAGES AUSTRALIA PTY LIMITED","Rowville,Victoria Australia","$98.74M"
"H.G.S. PROPRIETARY LIMITED","Thomastown,Victoria Australia","$98.02M"
"SUTTON TOOLS PROPRIETARY LIMITED","Thomastown,Victoria Australia","$98.02M"
"ADBRI MASONRY GROUP PTY LTD","Campbellfield,Victoria Australia","$97.16M"
"NP AUSTRALIA PTY LTD","Kilsyth,Victoria Australia","$96.97M"
"CIMPRESS AUSTRALIA PTY LIMITED","Derrimut,Victoria Australia","$96.79M"
"BELLE BANNE CONVEYOR SERVICES PTY LTD","Dandenong South,Victoria Australia","$96.76M"
"DOW CHEMICAL (AUSTRALIA) PTY LTD","Melbourne,Victoria Australia","$96.7M"
"THE HUNTER RIVER COMPANY PTY LIMITED","Shepparton,Victoria Australia","$96.6M"
"DYNO NOBEL MOURA PTY LIMITED","Murarrie,Queensland Australia","$96.07M"
"G. & B. GATHERCOLE (VIC.) PTY. LTD.","Carrum Downs,Victoria Australia","$96.06M"
"AVERY DENNISON AUSTRALIA PTY LTD","Moorabbin Airport,Victoria Australia","$96.02M"
"INCITEC FERTILISERS OPERATIONS PTY LTD","Southbank,Victoria Australia","$95.97M"
"WOOLWORTHS INTERNATIONAL (AUSTRALIA) PTY LIMITED","Burnley,Victoria Australia","$95.67M"
"APEX STEEL SUPPLIES PTY LTD","Direk,South Australia Australia","$95.46M"
"HOWE AUTOMOTIVE LIMITED","Thomastown,Victoria Australia","$93.6M"
"GLEN DIMPLEX AUSTRALIA HOLDINGS PTY LIMITED","Scoresby,Victoria Australia","$93.06M"
"AKD NSW PTY LIMITED","Colac,Victoria Australia","$92.96M"
"REINFORCED CONCRETE PIPES AUSTRALIA (HOLDINGS) PTY LTD","Melton South,Victoria Australia","$92.23M"
"AUSTRALIAN LAMB COLAC LABOUR HIRE PTY LTD","Colac,Victoria Australia","$91.78M"
"DANONE SAPUTO DAIRY AUSTRALIA PTY LTD","Melbourne,Victoria Australia","$91.69M"
"FLEETWOOD VIC & QLD PTY LTD","Derrimut,Victoria Australia","$91.66M"
"SEW-EURODRIVE PTY. LTD.","Tullamarine,Victoria Australia","$91.52M"
"AGILENT TECHNOLOGIES AUSTRALIA PTY LTD","Mulgrave,Victoria Australia","$90.94M"
"L3HARRIS INTEGRATED MISSION SYSTEMS AUSTRALIA PTY LTD","Fremantle,Western Australia Australia","$90.66M"
"ICS INDUSTRIES PTY LTD","Thomastown,Victoria Australia","$89.77M"
"YOKOHAMA TYRE AUSTRALIA PTY LTD","Murrumbeena,Victoria Australia","$89.57M"
"SOUTHERN STAR WINDOWS PTY. LTD.","Bell Park,Victoria Australia","$89.52M"
"MIMCO PTY LTD","Burnley,Victoria Australia","$89.44M"
"AS COLOUR PTY LIMITED","Truganina,Victoria Australia","$89.29M"
"CLOSE THE LOOP LTD.","Oakleigh South,Victoria Australia","$88.89M"
"THE WRIGLEY COMPANY PTY. LTD","Asquith,New South Wales Australia","$88.25M"
"THE WRIGLEY CONFECTIONERY COMPANY PTY LIMITED","Asquith,New South Wales Australia","$88.25M"
"THE BODY SHOP AUSTRALIA PTY LIMITED","Chadstone,Victoria Australia","$87.61M"
"H. W. GREENHAM & SONS PROPRIETARY LIMITED","Port Melbourne,Victoria Australia","$87.47M"
"KINGSPAN HOLDINGS AUSTRALIA PTY LIMITED","Somerton,Victoria Australia","$87.3M"
"DESIGNWORKS INTERNATIONAL PTY LTD","Richmond,Victoria Australia","$86.88M"
"DONCASTER EUROPEAN PTY LTD","Doncaster,Victoria Australia","$86.42M"
"LEMNOS FOODS PTY LTD","Dandenong South,Victoria Australia","$84.84M"
"DOW PERFORMANCE MATERIALS (AUSTRALIA) PTY LTD","Melbourne,Victoria Australia","$84.83M"
"TRICAB (AUSTRALIA) PTY LTD","Port Melbourne,Victoria Australia","$84.79M"
"ELTA GROUP (ASIA PACIFIC) PTY LTD","Dandenong South,Victoria Australia","$84.79M"
"TURI FOODS PTY. LTD.","Thomastown,Victoria Australia","$84.58M"
"AL-KO INTERNATIONAL PTY LIMITED","Dandenong South,Victoria Australia","$84.38M"
"BROKEN HILL TELEVISION PTY LIMITED","Broken Hill,New South Wales Australia","$84.11M"
"CASTLEGATE JAMES AUSTRALASIA PTY LTD","Braybrook,Victoria Australia","$83.94M"
"WILEY PUBLISHING AUSTRALIA PTY LTD","Melbourne,Victoria Australia","$83.64M"
"ANCA MOTION PTY LTD","Bayswater North,Victoria Australia","$83.37M"
"RIDLEY AGRIPRODUCTS PTY LTD.","Melbourne,Victoria Australia","$83.36M"
"HAULOTTE AUSTRALIA PTY. LTD.","Coopers Plains,Queensland Australia","$83.14M"
"HY-TEC INDUSTRIES (VICTORIA) PTY LTD","Campbellfield,Victoria Australia","$83.11M"
"SAFECORP GROUP LTD","Braeside,Victoria Australia","$82.73M"
"SPECIALTY PACKAGING GROUP PTY LTD","Burnley,Victoria Australia","$82.27M"
"GORDON BROTHERS INDUSTRIES PTY LTD","Brunswick,Victoria Australia","$82.01M"
"SIMPLOT AUSTRALIA (INTERNATIONAL) PTY. LIMITED","Mentone,Victoria Australia","$82.01M"
"SIMPLOT AUSTRALIA (JV NO.1) PTY LIMITED","Mentone,Victoria Australia","$82.01M"
"SIMPLOT AUSTRALIA (TRADE MARKS) PTY LIMITED","Mentone,Victoria Australia","$82.01M"
"GOLDACRES HOLDINGS PTY LTD","Mitchell Park,Victoria Australia","$81.82M"
"SIMPLOT I&J FOODS PTY LTD","Mentone,Victoria Australia","$81.33M"
"452HM PTY LTD","Melbourne,Victoria Australia","$81.16M"
"FLAVOUR MAKERS AUSTRALIA PTY LTD","Braeside,Victoria Australia","$81.15M"
"DAVIES BAKERY PTY LTD","Broadmeadows,Victoria Australia","$80.98M"
"RIDDER MOSS HOLDINGS PTY LTD","Clayton,Victoria Australia","$80.71M"
"PETER STEVENS MOTORCYCLES PTY. LTD.","Rowville,Victoria Australia","$80.28M"
"BED BATH 'N' TABLE PTY LTD","Hawthorn,Victoria Australia","$80.24M"
"RESOLUTE TESTING LABORATORIES PTY LTD","Lawnton,Queensland Australia","$79.94M"
"MAXIPARTS AUSTRALIA PTY LTD","Truganina,Victoria Australia","$79.42M"
"REID STOCKFEEDS PTY LTD","South Melbourne,Victoria Australia","$79.27M"
"SEM FIRE AND RESCUE PTY LTD","Wendouree,Victoria Australia","$79.07M"
"CLARISSE HOLDINGS PTY LTD","Docklands,Victoria Australia","$78.61M"
"UNICHARM AUSTRALASIA HOLDING PTY LTD","Mentone,Victoria Australia","$78.34M"
"PRESTAL HOLDINGS LIMITED","Fitzroy,Victoria Australia","$78.23M"
"ABCOR HOLDINGS PTY LTD","Campbellfield,Victoria Australia","$77.65M"
"AUSTRALIAN LAMB COLAC GROUP HOLDINGS PTY LTD","Colac,Victoria Australia","$77.52M"
"AUSTRALIAN LAMB COMPANY PTY. LTD.","Sunshine,Victoria Australia","$77.52M"
"BELLROY PTY LTD","Canterbury,Victoria Australia","$77.51M"
"ABCOR PTY. LTD.","Campbellfield,Victoria Australia","$77.17M"
"BROWN BROS. HOLDINGS PTY. LTD.","Milawa,Victoria Australia","$76.84M"
"AUTOPACIFIC AUSTRALIA PTY LTD","Keysborough,Victoria Australia","$76.75M"
"ENSIGN LABORATORIES PROPRIETARY LIMITED","Mulgrave,Victoria Australia","$76.69M"
"ANCA ASIA PTY. LTD.","Bayswater North,Victoria Australia","$76.65M"
"ANCA PROPERTY DEVELOPMENT PTY LTD","Bayswater North,Victoria Australia","$76.65M"
"ANCA MACHINE TOOLS PTY LTD","Bayswater North,Victoria Australia","$76.65M"
"ABBE NSW PTY LTD","Wetherill Park,New South Wales Australia","$76.56M"
"ARVINMERITOR LIGHT VEHICLE SYSTEMS AUSTRALIA PTY LTD","Sunshine,Victoria Australia","$76.49M"
"MERITOR HEAVY VEHICLE SYSTEMS AUSTRALIA LTD","Derrimut,Victoria Australia","$76.49M"
"PLASCORP HOLDINGS PTY LTD","Altona North,Victoria Australia","$76.47M"
"BERVAR PTY. LTD.","Campbellfield,Victoria Australia","$76.35M"
"PLASCORP PTY LTD","Altona North,Victoria Australia","$76.21M"
"ENTYCE FOOD INGREDIENTS PTY LTD","Scoresby,Victoria Australia","$75.82M"
"FENNER (PACIFIC) PTY LIMITED","West Footscray,Victoria Australia","$75.58M"
"WORLD WIRE CABLES (AUSTRALIA) PTY. LTD.","Oakleigh South,Victoria Australia","$75.42M"
"SOUTH WEST FIBRE PTY LTD","Myamyn,Victoria Australia","$74.35M"
"GREEN'S GENERAL FOODS PTY LIMITED","Glendenning,New South Wales Australia","$74.26M"
"TRELLEBORG HOLDINGS AUSTRALIA PTY LTD","Bentleigh East,Victoria Australia","$74.12M"
"PLANET INNOVATION HOLDINGS LTD","Box Hill,Victoria Australia","$73.89M"
"ARTISANAL HOLDINGS PTY LIMITED","Dandenong South,Victoria Australia","$73.56M"
"IXOM OPERATIONS PTY LTD","East Melbourne,Victoria Australia","$73.22M"
"BITUMINOUS PRODUCTS PTY LTD","East Melbourne,Victoria Australia","$73.22M"
"IXOM INTERNATIONAL HOLDINGS PTY LTD","East Melbourne,Victoria Australia","$73.22M"
"IXOM HOLDCO PTY LTD","East Melbourne,Victoria Australia","$73.22M"
"IXOM HOLDINGS PTY LTD","East Melbourne,Victoria Australia","$73.22M"
"GOLDACRES TRADING PTY LTD","Mitchell Park,Victoria Australia","$72.87M"
"AUSPORK LIMITED","Derrimut,Victoria Australia","$72.82M"
"AKD QUEENSLAND PTY LTD","Caboolture,Queensland Australia","$72.77M"
"EVZ LIMITED","Docklands,Victoria Australia","$72.71M"
"MOGAS REGIONAL PTY LTD","Kensington,South Australia Australia","$72.71M"
"H.B. FULLER COMPANY AUSTRALIA PTY LIMITED","Dandenong South,Victoria Australia","$72.42M"
"GRIFOLS AUSTRALIA PTY LTD","Clayton South,Victoria Australia","$72.03M"
"STUDCO AUSTRALIA PTY LTD","Kilsyth,Victoria Australia","$72M"
"STUDCO AUSTRALIA HOLDINGS PTY LTD","Kilsyth,Victoria Australia","$72M"
"HUME DOORS & TIMBER (VIC) PTY. LTD.","Dandenong South,Victoria Australia","$71.74M"
"PEUKER & ALEXANDER PROPRIETARY LIMITED","Campbellfield,Victoria Australia","$71.43M"
"DANA AUSTRALIA (HOLDINGS) PTY LTD","Keysborough,Victoria Australia","$71.1M"
"MACDERMID GRAPHICS SOLUTIONS, LLC","Melbourne,Victoria Australia","$71.03M"
"EMEIS COSMETICS PTY. LTD.","Collingwood,Victoria Australia","$70.75M"
"SDI LIMITED","Bayswater,Victoria Australia","$70.53M"
"BROWN BROTHERS MILAWA VINEYARD PTY. LIMITED","Milawa,Victoria Australia","$70.33M"
"PLACARD PTY LTD","Bayswater,Victoria Australia","$69.8M"
"REVIEW AUSTRALIA PTY LIMITED.","Richmond,Victoria Australia","$69.61M"
"KEMPE HOLDINGS PTY LTD","Geelong,Victoria Australia","$69.31M"
"BOUNDARY BEND OLIVES PTY LTD","Lara,Victoria Australia","$68.48M"
"MILBURN LAKE PTY. LTD.","West Melbourne,Victoria Australia","$68.33M"
"REEFNALE PTY. LIMITED","Hoppers Crossing,Victoria Australia","$67.78M"
"SCHUTZ AUSTRALIA PTY LTD","Laverton North,Victoria Australia","$67.74M"
"VITASOY AUSTRALIA PRODUCTS PTY LTD","Baranduda,Victoria Australia","$67.57M"
"PREMOSO PTY. LTD.","Clayton South,Victoria Australia","$67.28M"
"DNX AUSTRALIA PTY LTD","Murarrie,Queensland Australia","$67.08M"
"DYNO NOBEL ASIA PACIFIC PTY LIMITED","Murarrie,Queensland Australia","$67.08M"
"DYNO NOBEL MORANBAH PTY LTD","Murarrie,Queensland Australia","$67.08M"
"SOUTHERN CROSS INTERNATIONAL PTY LTD","Southbank,Victoria Australia","$67.08M"
"INCITEC PIVOT EXPLOSIVES HOLDINGS PTY LIMITED","Murarrie,Queensland Australia","$67.08M"
"TOP AUSTRALIA PTY LIMITED","Southbank,Victoria Australia","$67.08M"
"INTEGRATED PACKAGING GROUP PTY LTD","Reservoir,Victoria Australia","$67.03M"
"APEX BUILDINGS PRODUCTS (QLD) PTY LTD","Dandenong,Victoria Australia","$66.93M"
"FLAVOUR MAKERS PTY LTD","Braeside,Victoria Australia","$66.86M"
"JALNA DAIRY FOODS PTY. LTD.","Thomastown,Victoria Australia","$66.71M"
"CLARIANT (AUSTRALIA) PTY LIMITED","Chadstone,Victoria Australia","$66.63M"
"MEHOLD PTY LTD","Cheltenham,Victoria Australia","$66.38M"
"SIMBA GLOBAL PTY LTD","Bayswater North,Victoria Australia","$66.32M"
"AMALGAMATED METAL (AUSTRALIA) PTY LTD","Thomastown,Victoria Australia","$66M"
"WILJUMA PTY LTD","Bayswater,Victoria Australia","$65.78M"
"BARON RUBBER PROPRIETARY LIMITED","Broadmeadows,Victoria Australia","$65.5M"
"REGAL CREAM PRODUCTS PTY. LTD.","Derrimut,Victoria Australia","$65.39M"
"PROCAL DAIRIES PTY LTD","Campbellfield,Victoria Australia","$65.25M"
"GEKKO SYSTEMS PTY LTD","Mitchell Park,Victoria Australia","$65.23M"
"SIMPLOT AUSTRALIA PTY LIMITED","Mentone,Victoria Australia","$64.99M"
"OSI INTERNATIONAL FOODS (AUSTRALIA) PTY LIMITED","Eagle Farm,Queensland Australia","$64.9M"
"DC TARMAC PTY LTD","Tullamarine,Victoria Australia","$64.77M"
"CRH INFRASTRUCTURE PRODUCTS AUSTRALIA PTY LTD","Breakwater,Victoria Australia","$64.63M"
"INFRASTRUCTURE PRODUCTS AUSTRALIA PTY LTD","Breakwater,Victoria Australia","$64.63M"
"ANMAR GROUP PTY LTD","Truganina,Victoria Australia","$63.43M"
"NIPPY'S FRUIT JUICES PTY LTD","Campbellfield,Victoria Australia","$63.03M"
"WEG AUSTRALIA PTY. LTD.","Scoresby,Victoria Australia","$63.01M"
"METRO FIBER PTY LTD","North Wangaratta,Victoria Australia","$62.83M"
"SAINT-GOBAIN ABRASIVES PTY LTD","Craigieburn,Victoria Australia","$62.75M"
"SMARDT CHILLERS PTY LTD","Bayswater North,Victoria Australia","$62.42M"
"DECON CORPORATION PTY LTD","Kilsyth,Victoria Australia","$62.28M"
"LUV-A-DUCK PTY LTD","Port Melbourne,Victoria Australia","$61.95M"
"OLIVER J. NILSEN (AUSTRALIA) LIMITED","Mulgrave,Victoria Australia","$61.9M"
"SIEMENS RAIL AUTOMATION PTY. LTD.","Docklands,Victoria Australia","$61.84M"
"ZOETIS AUSTRALIA RESEARCH & MANUFACTURING PTY LTD","Parkville,Victoria Australia","$61.58M"
"CIGWELD PTY LTD","Preston,Victoria Australia","$61.53M"
"MIDCOAST TIMBER CENTRES PTY LTD","Kirrawee,New South Wales Australia","$61.52M"
"NOV AUSTRALIA PTY LTD","Carrum Downs,Victoria Australia","$61.51M"
"ACUSHNET AUSTRALIA PTY LTD","Moorabbin Airport,Victoria Australia","$61.48M"
"ENCORE TISSUE (AUST) PTY LTD","Laverton North,Victoria Australia","$61.4M"
"SOLENIS AUSTRALIA PTY LTD","Springvale,Victoria Australia","$61.31M"
"JAYCO CORPORATION PTY. LTD.","Dandenong South,Victoria Australia","$61.2M"
"VICTORIAN CHEMICAL COMPANY PROPRIETARY LIMITED","Coolaroo,Victoria Australia","$60.8M"
"KRUEGER TRANSPORT EQUIPMENT PTY. LTD.","Derrimut,Victoria Australia","$60.6M"
"BUILDING PRODUCTS SUPPLIES PTY. LIMITED","Port Melbourne,Victoria Australia","$60.57M"
"SODASTREAM AUSTRALIA PTY LTD","Knoxfield,Victoria Australia","$60.47M"
"RYOWA DEVELOPMENT PTY. LTD.","Brisbane City,Queensland Australia","$60.31M"
"ASSA ABLOY ENTRANCE SYSTEMS AUSTRALIA PTY LIMITED","Yennora,New South Wales Australia","$60.22M"
"RECORD AUTOMATIC DOORS PTY LTD","Wetherill Park,New South Wales Australia","$60.22M"
"ASSA ABLOY DOOR GROUP AUSTRALIA PTY LIMITED","Cheltenham,Victoria Australia","$60.22M"
"JOST AUSTRALIA PTY LTD","Derrimut,Victoria Australia","$60.02M"
"BARKER TRAILERS PTY. LTD.","Woodend,Victoria Australia","$60M"
"AARON LABORATORIES PROPRIETARY LIMITED","Dandenong South,Victoria Australia","$59.87M"
"TREMCO ASIA PACIFIC PTY LIMITED","Eastern Creek,New South Wales Australia","$59.6M"
"MDJ HOLDINGS PTY. LTD.","Hallam,Victoria Australia","$59.56M"
"PROTEC PTY. LTD.","Clayton,Victoria Australia","$59.48M"
"HILTON MANUFACTURING PTY LTD","Dandenong South,Victoria Australia","$59.4M"
"ALPINE MDF INDUSTRIES PTY LTD","North Wangaratta,Victoria Australia","$59.38M"
"ICON PLASTICS PTY LTD","Hallam,Victoria Australia","$59.37M"
"MISMATCH BREWING COMPANY PTY LTD","Hay Valley,South Australia Australia","$59.3M"
"PREMIUM VICTORIA PTY. LTD.","Laverton North,Victoria Australia","$59.27M"
"ALISTAIR SOMERSET PTY LTD","Nunawading,Victoria Australia","$58.65M"
"SHEARFORM PTY LTD","Dandenong South,Victoria Australia","$58.62M"
"CANNATREK LTD","Caulfield North,Victoria Australia","$58.59M"
"IDYLL WINE CO PTY. LTD.","Geelong,Victoria Australia","$58.31M"
"FINCO2 PTY LTD","Cremorne,Victoria Australia","$58.25M"
"RATHBONE WINE GROUP PTY LTD","Port Melbourne,Victoria Australia","$57.49M"
"BARRETT COMMUNICATIONS PTY LTD","Bibra Lake,Western Australia Australia","$57.49M"
"REDFLEX HOLDINGS PTY LTD","South Melbourne,Victoria Australia","$57.31M"
"LINC ENERGY LTD","Southbank,Victoria Australia","$57.25M"
"MANSFIELDS PTY. LTD.","Keysborough,Victoria Australia","$57.24M"
"SCANLAN AND THEODORE PTY. LTD.","South Yarra,Victoria Australia","$56.71M"
"WESTKON PRECAST PTY LTD","Melton,Victoria Australia","$56.6M"
"COSMAX NBT AUSTRALIA PTY LTD","Dandenong South,Victoria Australia","$56.43M"
"JAMESTRONG PACKAGING AUSTRALIA PTY LTD","Richmond,Victoria Australia","$56.29M"
"NATURES ORGANICS PTY LTD","Ferntree Gully,Victoria Australia","$56.25M"
"HANWHA DEFENSE AUSTRALIA PTY LTD","Melbourne,Victoria Australia","$56.15M"
"VIPLUS DAIRY PTY LTD","Toora,Victoria Australia","$55.94M"
"AWARE ENVIRONMENTAL PTY LTD","Dandenong South,Victoria Australia","$55.89M"
"CARTER HOLT HARVEY PLYWOOD PTY LTD","Heidelberg,Victoria Australia","$55.83M"
"CARTER HOLT HARVEY BUILDING PRODUCTS PTY LIMITED","Heidelberg,Victoria Australia","$55.83M"
"TUFTMASTER CARPETS PTY. LTD.","Preston,Victoria Australia","$55.64M"
"ASALEO CARE LIMITED","Springvale,Victoria Australia","$55.5M"
"ASALEO TISSUE AUSTRALIA PTY LTD","Springvale,Victoria Australia","$55.5M"
"BOTANICAL FOOD COMPANY PTY LTD","Palmwoods,Queensland Australia","$55.47M"
"RONSTAN INTERNATIONAL PTY LTD","Braeside,Victoria Australia","$55.36M"
"GEA PROCESS ENGINEERING PTY LTD","Blackburn,Victoria Australia","$55.24M"
"VISY GLAMA PTY LTD","Kilsyth,Victoria Australia","$55.19M"
"ROLLEASE ACMEDA PTY LTD","Broadmeadows,Victoria Australia","$55.18M"
"RESIDENTIA GROUP PTY LTD","Burnley,Victoria Australia","$55.16M"
"KEMPE ENGINEERING PTY LTD","Geelong,Victoria Australia","$54.99M"
"MILESTONE CHEMICALS AUSTRALIA PTY. LTD.","Heidelberg West,Victoria Australia","$54.9M"
"NUTTELEX FOOD PRODUCTS PROPRIETARY LIMITED","Knoxfield,Victoria Australia","$54.83M"
"AUSTRALIAN DAIRY BLENDS HOLDINGS PTY LTD","Keysborough,Victoria Australia","$54.77M"
"AUSTRALIAN DAIRY BLENDS PTY LTD","Keysborough,Victoria Australia","$54.77M"
"THE TRUSTEE FOR REGAL CREAM PRODUCTS TRUST","Derrimut,Victoria Australia","$54.63M"
"SKS TECHNOLOGIES GROUP LIMITED","West Melbourne,Victoria Australia","$54.45M"
"TEXAS PEAK PTY. LTD.","Tullamarine,Victoria Australia","$54.31M"
"MIOMI PTY LTD","Abbotsford,Victoria Australia","$54.27M"
"CLOVER CORPORATION LIMITED","Altona North,Victoria Australia","$54.21M"
"FENNER DUNLOP AUSTRALIA PTY. LTD.","West Footscray,Victoria Australia","$54.09M"
"THE ENVIRONMENTAL GROUP LIMITED","Mount Waverley,Victoria Australia","$54.06M"
"KENTMORE CLOTHING (MANUFACTURING) PTY LTD","Melbourne,Victoria Australia","$53.99M"
"CONCRETE PRECAST SYSTEMS GROUP PTY LTD","Clayton,Victoria Australia","$53.68M"
"BLUESCOPE STEEL AMERICAS HOLDINGS PTY LTD","Melbourne,Victoria Australia","$53.39M"
"RH WINE GROUP PTY LTD","Melbourne,Victoria Australia","$53.33M"
"MOTHERSON LUMEN INNOVATIVE SOLUTIONS PTY LTD","Hallam,Victoria Australia","$53.17M"
"KABA AUSTRALIA PTY LIMITED","Hallam,Victoria Australia","$53.12M"
"DORMAKABA AUSTRALIA PTY LTD","Hallam,Victoria Australia","$53.12M"
"JOHN COTTON AUSTRALIA PTY LTD","Campbellfield,Victoria Australia","$52.88M"
"SAIZERIYA AUSTRALIA PTY. LTD.","Melton South,Victoria Australia","$52.86M"
"MANTZIS HOLDINGS PTY. LTD.","Docklands,Victoria Australia","$52.85M"
"SLEEPEEZEE BEDDING AUSTRALIA PTY. LTD.","Campbellfield,Victoria Australia","$52.85M"
"KOKO BLACK PREMIUM PTY LTD","Coburg North,Victoria Australia","$52.56M"
"KANTFIELD PTY. LTD.","Dandenong,Victoria Australia","$52.44M"
"QENOS PLASTICS PTY LTD","Altona,Victoria Australia","$52.3M"
"QENOS RESINS PTY LTD","Altona,Victoria Australia","$52.3M"
"THE VICTORIA CARPET COMPANY PROPRIETARY LIMITED","Dandenong,Victoria Australia","$52.29M"
"NAVANTIA AUSTRALIA PTY LTD","Sydney,New South Wales Australia","$52.15M"
"FBG VIETNAM HOLDINGS PTY LTD","Melbourne,Victoria Australia","$51.93M"
"BEER AND DRINKS MANAGEMENT PTY LTD","Melbourne,Victoria Australia","$51.91M"
"WESTKON PRECAST CONCRETE PTY LTD","Melton,Victoria Australia","$51.84M"
"DIC AUSTRALIA PTY LIMITED","Moorabbin,Victoria Australia","$51.76M"
"APP-TEK INTERNATIONAL PTY LTD","Scoresby,Victoria Australia","$51.64M"
"RELAY MONITORING SYSTEMS PTY. LTD.","Keysborough,Victoria Australia","$51.59M"
"GREEN'S BISCUITS PTY LTD","Carole Park,Queensland Australia","$51.44M"
"CONCRETE PRECAST SYSTEMS PTY LTD","Mulgrave,Victoria Australia","$51.43M"
"RAMVEK PTY. LTD.","Lynbrook,Victoria Australia","$51.38M"
"SIGMA-ALDRICH OCEANIA PTY LTD","Bayswater,Victoria Australia","$51.36M"
"GARDNER DENVER INDUSTRIES PTY LIMITED","Wetherill Park,New South Wales Australia","$51.31M"
"DIAMOND VALLEY PORK PTY LTD","Laverton North,Victoria Australia","$51.26M"
"CLINUVEL PHARMACEUTICALS LIMITED","Melbourne,Victoria Australia","$51.21M"
"EVOLUTION PRECAST SYSTEMS (NSW) PTY LTD","Glendenning,New South Wales Australia","$51.16M"
"A.C.N. 004 593 953 PTY LTD","Wantirna South,Victoria Australia","$51.04M"
"GRATTAN ST APARTMENTS PTY LTD","Moorabbin,Victoria Australia","$50.9M"
"LANTMANNEN UNIBAKE AUSTRALIA HOLDING PTY LTD","Mordialloc,Victoria Australia","$50.87M"
"H.A. BENNETT & SONS PTY. LIMITED","Kew,Victoria Australia","$50.84M"
"ECCO SAFETY GROUP AUSTRALIA PTY LTD","Truganina,Victoria Australia","$50.76M"
"ASKO APPLIANCES (AUST.) PTY. LTD.","Moorabbin,Victoria Australia","$50.59M"
"UPM RAFLATAC PTY LTD","Dandenong South,Victoria Australia","$50.42M"
"THE TEMORA DELL UNIT TRUST","Coolaroo,Victoria Australia","$50.4M"
"A.G. THOMPSON PROPRIETARY LIMITED","Moorabbin,Victoria Australia","$50.4M"
"HAWLEY NOMINEES PTY. LTD.","Dandenong,Victoria Australia","$50.24M"
"CAGROUP PTY LTD","Thomastown,Victoria Australia","$50.12M"
"I & D GROUP PTY LTD","South Melbourne,Victoria Australia","$50.08M"
"GARACAMA PTY. LTD.","Piangil,Victoria Australia","$50.07M"
"FMP GROUP (AUSTRALIA) PTY LIMITED","Ballarat,Victoria Australia","$49.99M"
"ULTRA MIX (AUST.) PTY. LTD.","Clayton,Victoria Australia","$49.97M"
"ASSOCIATED KILN DRIERS PTY. LIMITED","Colac,Victoria Australia","$49.94M"
"FISHER & PAYKEL HEALTHCARE PTY. LIMITED","Nunawading,Victoria Australia","$49.81M"
"KPJ GROUP (AUS) PTY LTD","Dandenong South,Victoria Australia","$49.8M"
"AHACS PTY LTD","Springvale,Victoria Australia","$49.78M"
"ASALEO HOLDINGS AUSTRALIA PTY LTD","Springvale,Victoria Australia","$49.78M"
"ASALEO PERSONAL CARE (HOLDINGS) PTY LTD","Box Hill,Victoria Australia","$49.78M"
"GLASSWORKS (AUST) PTY LTD","Dandenong South,Victoria Australia","$49.7M"
"CONFOIL PTY. LIMITED","Bayswater,Victoria Australia","$49.62M"
"CCL SECURE PTY LTD","Craigieburn,Victoria Australia","$49.59M"
"SUNNYGOLD AUSTRALIA PTY. LTD.","Irymple,Victoria Australia","$49.58M"
"NORWOOD INDUSTRIES PTY. LIMITED","Hallam,Victoria Australia","$49.56M"
"HENRY HAYMES PROPRIETARY LIMITED","Port Melbourne,Victoria Australia","$49.15M"
"WASTECH ENGINEERING PTY. LTD.","Hallam,Victoria Australia","$49.12M"
"FIBRISOL SERVICE AUSTRALIA PTY. LTD.","Heatherton,Victoria Australia","$49.11M"
"HANES TECHNOLOGY SERVICES AUSTRALIA PTY LTD","Kew,Victoria Australia","$49.07M"
"INVETECH PTY LTD","Mount Waverley,Victoria Australia","$48.68M"
"EMBELTON LIMITED","Coburg North,Victoria Australia","$48.59M"
"VITA LIFE SCIENCES LIMITED","Melbourne,Victoria Australia","$48.45M"
"THE ILUME KITCHEN PTY LTD","Keysborough,Victoria Australia","$48.18M"
"SIME DARBY TRANSPORT HOLDINGS AUSTRALIA PTY LTD","Wacol,Queensland Australia","$47.93M"
"SNOW BRAND AUSTRALIA PTY LTD","Southbank,Victoria Australia","$47.93M"
"CANTIRE FOODS PTY LTD","Thomastown,Victoria Australia","$47.73M"
"SUN SCREEN AUSTRALIA PTY LTD","Mulgrave,Victoria Australia","$47.49M"
"PEDDER'S SHOCK ABSORBER SERVICE PTY. LTD.","Dandenong South,Victoria Australia","$47.34M"
"NIKPOL PTY. LTD.","Heatherton,Victoria Australia","$47.3M"
"EKERA DENTAL PTY LTD","Canterbury,Victoria Australia","$47.25M"
"GOOD FOOD PARTNERS PTY LTD","Rowville,Victoria Australia","$47.16M"
"PHARMACEUTICAL PACKAGING PROFESSIONALS PTY LTD","Moorabbin Airport,Victoria Australia","$47.13M"
"FELTON GRIMWADE & BOSISTO'S PTY LTD","Oakleigh South,Victoria Australia","$47.1M"
"THORNTON ENGINEERING AUSTRALIA PTY LTD","Corio,Victoria Australia","$46.99M"
"FLINT GROUP AUSTRALIA PTY LTD","Dandenong South,Victoria Australia","$46.67M"
"EDLYN FOODS PTY. LTD.","Epping,Victoria Australia","$46.57M"
"ALLEN TAYLOR & COMPANY LTD","Regents Park,New South Wales Australia","$46.49M"
"CAPRICE PAPER PRODUCTS PTY LTD","Kilsyth,Victoria Australia","$46.16M"
"J.H. STEPHENSON & SON PTY. LIMITED","Corio,Victoria Australia","$46.14M"
"CULLIS & MCCOMB PTY. LTD.","Cheltenham,Victoria Australia","$46.01M"
"AKD OBERON PTY LIMITED","Colac,Victoria Australia","$45.89M"
"CARIBBEAN BRC PTY LTD","Burleigh Waters,Queensland Australia","$45.75M"
"QUIKSILVER INTERNATIONAL PTY LTD","Burleigh Waters,Queensland Australia","$45.75M"
"AUSTRALIAN IRON & STEEL PTY LTD","Melbourne,Victoria Australia","$45.58M"
"LOTUS FOLDING WALLS AND DOORS PTY LTD","Dandenong South,Victoria Australia","$45.4M"
"CHR. HANSEN PROPRIETARY LIMITED","Bayswater,Victoria Australia","$45.4M"
"SSG AUSTRALIA PTY LTD","Thomastown,Victoria Australia","$45.31M"
"STERIS AUSTRALIA PTY LTD","Heatherton,Victoria Australia","$44.81M"
"PPS HOLDINGS AUSTRALIA PTY LTD","Altona North,Victoria Australia","$44.76M"
"KSUBI SALES INTERNATIONAL PTY LTD","Rosebery,New South Wales Australia","$44.64M"
"HEYFIELD ASH HOLDINGS PTY LTD","Heyfield,Victoria Australia","$44.46M"
"ANDRITZ FABRICS AND ROLLS PTY. LIMITED","Breakwater,Victoria Australia","$44.45M"
"ABEY AUSTRALIA PTY LTD","Cobblebank,Victoria Australia","$44.25M"
"TRUE FOODS PTY LTD","Maryborough,Victoria Australia","$44.22M"
"LABELMAKERS GROUP PTY LTD","Somerton,Victoria Australia","$44.19M"
"STILCON HOLDINGS PTY. LTD.","Sunshine West,Victoria Australia","$43.96M"
"NISSAN CASTING AUSTRALIA PTY LTD","Dandenong South,Victoria Australia","$43.84M"
"ABCORP GROUP (AUSTRALASIA) PTY LTD","Dandenong South,Victoria Australia","$43.8M"
"CALLAWAY GOLF SOUTH PACIFIC PTY LTD","Rowville,Victoria Australia","$43.64M"
"COREX PLASTICS (AUSTRALIA) PTY. LTD.","Dandenong,Victoria Australia","$43.51M"
"BARRETT BURSTON MALTING CO. PTY. LTD.","Cremorne,Victoria Australia","$43.26M"
"CHEMRING AUSTRALIA PTY LTD","Lara,Victoria Australia","$43.24M"
"MERCK PTY LTD","Bayswater,Victoria Australia","$43.23M"
"FLEXISTRUT BUILDING SERVICES PTY. LTD.","Belmont,Western Australia Australia","$43.21M"
"BLUE ILLUSION AUSTRALIA PTY. LTD.","St Kilda,Victoria Australia","$43.07M"
"J. FURPHY & SONS PROPRIETARY LIMITED","Shepparton,Victoria Australia","$42.96M"
"METHVEN AUSTRALIA PTY LTD","Pinkenba,Queensland Australia","$42.96M"
"ENTIRE MECHANICAL SERVICES PTY. LTD.","South Melbourne,Victoria Australia","$42.91M"
"AGREVA PTY LTD","Laverton North,Victoria Australia","$42.81M"
"BROWN BROTHERS ENGINEERS AUSTRALIA PTY LTD","Arndell Park,New South Wales Australia","$42.79M"
"ELECTRACOM PTY. LTD.","Dandenong South,Victoria Australia","$42.67M"
"AFL TELECOMMUNICATIONS AUSTRALIA PTY LTD","Croydon South,Victoria Australia","$42.59M"
"PROCESS HOLDINGS PTY LTD","Rowville,Victoria Australia","$42.59M"
"LINGYUN AUSTRALIA PTY. LTD.","South Yarra,Victoria Australia","$42.47M"
"READING TRARALGON PTY LIMITED","South Melbourne,Victoria Australia","$42.45M"
"PHOENIX INDUSTRIES PTY. LTD.","Bayswater,Victoria Australia","$42.27M"
"NEW AGE GROUP HOLDINGS PTY. LTD.","Epping,Victoria Australia","$42.26M"
"CATALENT AUSTRALIA HOLDING PTY LTD","Braeside,Victoria Australia","$42.17M"
"CATALENT AUSTRALIA PTY LTD","Braeside,Victoria Australia","$42.17M"
"FOREVER NEW CLOTHING PTY LTD","Burnley,Victoria Australia","$42.13M"
"STRIPROLL CONSOLIDATED INDUSTRIES PTY. LTD.","Long Gully,Victoria Australia","$42.12M"
"DOLLAR CURTAINS & BLINDS PTY LTD","Kilsyth,Victoria Australia","$42.1M"
"GM FITZROY PTY LTD","Fitzroy,Victoria Australia","$42.04M"
"REDFLEX TRAFFIC SYSTEMS PTY LTD","South Melbourne,Victoria Australia","$42.02M"
"ALLTRUCK BODIES PTY. LTD.","Dandenong,Victoria Australia","$41.99M"
"CAMEC PTY LTD","Dandenong South,Victoria Australia","$41.84M"
"CRANNY DEVELOPMENTS PTY LTD","Dandenong,Victoria Australia","$41.67M"
"I.X.L. INDUSTRIES PTY. LTD.","South Geelong,Victoria Australia","$41.59M"
"HUNTSMAN POLYURETHANES (AUSTRALIA) PTY LTD","Deer Park,Victoria Australia","$41.54M"
"GOLDEN CIRCLE LIMITED","Northgate,Queensland Australia","$41.52M"
"AUSTRALASIAN FOOD GROUP PTY LTD","Mulgrave,Victoria Australia","$41.5M"
"DORMA GLAS PTY LTD","Hallam,Victoria Australia","$41.48M"
"SOULFRESH GLOBAL PTY LTD","Laverton North,Victoria Australia","$41.48M"
"DOTERRA AUSTRALIA PTY LTD","Mulgrave,Victoria Australia","$41.29M"
"COGSTATE LTD","Melbourne,Victoria Australia","$41.15M"
"TYREE CABLE PTY LTD","Dandenong,Victoria Australia","$41.15M"
"WOODS FURNITURE PTY. LTD.","Brooklyn,Victoria Australia","$40.99M"
"ACM PTY. LTD.","Wonga Park,Victoria Australia","$40.96M"
"RELIANCE DOORS PTY LTD","Holden Hill,South Australia Australia","$40.91M"
"SONOCO AUSTRALIA PTY. LTD.","Bulleen,Victoria Australia","$40.88M"
"ACRUX PHARMA PTY LTD","West Melbourne,Victoria Australia","$40.84M"
"AUTEX AUSTRALIA PTY LTD","Richmond,Victoria Australia","$40.77M"
"EDUCATIONAL COLOURS PTY. LIMITED","Bayswater,Victoria Australia","$40.76M"
"CONCEPT CARAVANS PTY. LTD.","Campbellfield,Victoria Australia","$40.73M"
"BAXTER LABORATORIES PTY. LTD.","Boronia,Victoria Australia","$40.67M"
"NATIONAL RESOURCES PTY. LTD.","Carrum Downs,Victoria Australia","$40.52M"
"THE CAKE SYNDICATE PTY LTD","Hallam,Victoria Australia","$40.33M"
"EMMA & TOM FOODS PTY. LTD.","Prahran,Victoria Australia","$40.28M"
"INNER RANGE PTY. LTD.","Knoxfield,Victoria Australia","$40.26M"
"SIGNODE AUSTRALIA PTY LTD","Truganina,Victoria Australia","$40.24M"
"DEFRIES INDUSTRIES PTY LTD","Dandenong South,Victoria Australia","$40.01M"
"SENSIENT TECHNOLOGIES AUSTRALIA PTY LTD","Keysborough,Victoria Australia","$39.99M"
"BDD AUSTRALIA PTY LTD","Docklands,Victoria Australia","$39.95M"
"BRAY CONTROLS PACIFIC PTY LTD","Dandenong South,Victoria Australia","$39.94M"
"AUSTRALASIAN CHILLED FOODS BIDCO PTY LIMITED","Salisbury South,South Australia Australia","$39.81M"
"VEGCO PTY LTD","Bairnsdale,Victoria Australia","$39.8M"
"NETAFIM AUSTRALIA PTY LIMITED","Laverton North,Victoria Australia","$39.77M"
"SILVAN AUSTRALIA PTY LTD","Keysborough,Victoria Australia","$39.76M"
"YAKULT AUSTRALIA PTY. LTD.","Dandenong South,Victoria Australia","$39.76M"
"TOTAL TOOLING CO. PTY. LTD.","Croydon South,Victoria Australia","$39.74M"
"MARCHEM AUSTRALASIA PTY. LTD.","Brooklyn,Victoria Australia","$39.71M"
"BEST FAB PTY. LTD.","Sunshine North,Victoria Australia","$39.58M"
"WELLING & CROSSLEY PTY. LTD.","Brooklyn,Victoria Australia","$39.57M"
"INDUSTRIAL FOOD SERVICES PTY LIMITED","Scoresby,Victoria Australia","$39.45M"
"THE BARRO GROUP TRUST SETTLOR MARIE TERESE WILLEY","Maddingley,Victoria Australia","$39.32M"
"THERMO TRACE PTY LTD","Scoresby,Victoria Australia","$39.3M"
"THERMO GAMMA-METRICS HOLDINGS PTY LTD","Scoresby,Victoria Australia","$39.3M"
"THERMO GAMMA-METRICS PTY LTD","Adelaide Airport,South Australia Australia","$39.3M"
"THOMAS REYNOLDS PROPRIETARY LIMITED","Mulgrave,Victoria Australia","$38.99M"
"FRESH TO GO FOODS PTY LTD","Bayswater,Victoria Australia","$38.85M"
"CONVEYOR PRODUCTS AND SOLUTIONS PTY LTD","Welshpool,Western Australia Australia","$38.84M"
"CHROMAFLO TECHNOLOGIES AUSTRALIA PTY LTD","Dandenong,Victoria Australia","$38.81M"
"CHECKPOINT SYSTEMS (AUST/NZ) PTY LIMITED","Chirnside Park,Victoria Australia","$38.79M"
"FRASER AND JENKINSON PROPRIETARY LIMITED","Scoresby,Victoria Australia","$38.74M"
"HOLLOW CORE CONCRETE PTY. LTD.","Laverton North,Victoria Australia","$38.72M"
"ABCORP AUSTRALASIA PTY LTD","Dandenong South,Victoria Australia","$38.71M"
"NATIONAL ALUMINIUM PTY LTD","Dandenong South,Victoria Australia","$38.62M"
"FLOWSERVE AUSTRALIA PTY. LTD.","Scoresby,Victoria Australia","$38.59M"
"THE ROOFING CENTRE ALBURY/WODONGA PTY. LTD.","North Albury,New South Wales Australia","$38.51M"
"KOKO BLACK AUSTRALIA PTY LTD","Coburg,Victoria Australia","$38.42M"
"CARRIER AUSTRALIA COMMERCIAL HOLDINGS PTY LTD","Dingley Village,Victoria Australia","$38.39M"
"SETEC HOLDINGS PTY LTD","Knoxfield,Victoria Australia","$38.18M"
"TEXTOR PTY LTD","Tullamarine,Victoria Australia","$38.15M"
"QUEST FLOORING PTY LTD","Dandenong South,Victoria Australia","$38.08M"
"AURORA AUSTRALIS HOLDINGS PTY LTD","Clayton South,Victoria Australia","$37.96M"
"TRAFFIC TECHNOLOGIES LTD","Fairfield,Victoria Australia","$37.96M"
"SUNPOWER CORPORATION AUSTRALIA PTY LIMITED","Elsternwick,Victoria Australia","$37.85M"
"SCHIAVELLO MANUFACTURING PTY LTD","Tullamarine,Victoria Australia","$37.82M"
"CCL SECURE (HOLDING) PTY LTD","Craigieburn,Victoria Australia","$37.81M"
"TRELLEBORG MARINE SYSTEMS AUSTRALIA PTY LTD","Clayton,Victoria Australia","$37.79M"
"MATERIALS HANDLING LIFTING SOLUTIONS PTY LTD","Moe,Victoria Australia","$37.68M"
"PORTA ENTERPRISES PTY LTD","Fairfield,Victoria Australia","$37.58M"
"VALMET PTY LTD","Braybrook,Victoria Australia","$37.43M"
"ITW AUSTRALIA PTY LTD","Melbourne,Victoria Australia","$37.38M"
"QENOS ELASTOMERS PTY LTD","Altona,Victoria Australia","$37.24M"
"OLEFINES PTY. LTD.","Altona,Victoria Australia","$37.24M"
"KINGSPAN INSULATION PTY LTD","Somerton,Victoria Australia","$37.16M"
"COMMTEL NETWORK SOLUTIONS PTY LTD","Keilor Park,Victoria Australia","$37.09M"
"AVENGA PTY. LTD.","Pakenham,Victoria Australia","$36.85M"
"LEGEND LINEN AUSTRALIA PTY LTD","Brookvale,New South Wales Australia","$36.72M"
"AUSTRALIAN DRIED FRUITS PRODUCTS PTY. LTD.","Irymple,Victoria Australia","$36.59M"
"SUNBEAM FOODS AUSTRALIA PTY LTD","Irymple,Victoria Australia","$36.59M"
"SUNBEAM FOODS GROUP LIMITED","Irymple,Victoria Australia","$36.59M"
"SUNBEAM FOOD HOLDINGS PTY LTD","Irymple,Victoria Australia","$36.59M"
"MILDURA FARMERS COMPANY PTY. LTD.","Irymple,Victoria Australia","$36.59M"
"ANGAS PARK FRUIT COMPANY PTY. LIMITED","Irymple,Victoria Australia","$36.59M"
"READING ALTONA PTY LTD","South Melbourne,Victoria Australia","$36.53M"
"AUSTRALIAN GLASS GROUP FINANCE COMPANY PTY LTD","Knoxfield,Victoria Australia","$36.44M"
"KILARGO PTY LTD","Banyo,Queensland Australia","$36.43M"
"BREWERY YARD PTY LTD","South Yarra,Victoria Australia","$36.42M"
"FANTECH PTY. LTD.","Dandenong South,Victoria Australia","$36.35M"
"SUPERIOR ENERGY SERVICES (AUSTRALIA) PTY LTD","Wurruk,Victoria Australia","$36.23M"
"SIMPLOT TCF PTY LTD","Laverton North,Victoria Australia","$36.19M"
"THE HEAT GROUP PTY LTD","Dandenong South,Victoria Australia","$36.14M"
"KEPPEL PRINCE ENGINEERING PTY LTD","Portland,Victoria Australia","$36.12M"
"WINCHESTER AUSTRALIA LIMITED","Moolap,Victoria Australia","$36.05M"
"KOOKABURRA SPORT PTY. LTD.","Moorabbin,Victoria Australia","$36M"
"GLENBROOK HOLDINGS PTY. LTD.","Melbourne,Victoria Australia","$35.99M"
"BLUESCOPE APT HOLDINGS PTY LTD","Melbourne,Victoria Australia","$35.99M"
"EASY LIQUIDS PTY LTD","Southbank,Victoria Australia","$35.98M"
"NUDE BY NATURE PTY LTD","Sydney,New South Wales Australia","$35.88M"
"C.E. BARTLETT PROPRIETARY LIMITED","Wendouree,Victoria Australia","$35.87M"
"MELROSE LABORATORIES PTY. LTD.","Mount Waverley,Victoria Australia","$35.78M"
"FLINT CPS INKS AUSTRALIA PTY LTD","Dandenong South,Victoria Australia","$35.72M"
"GRAY-NICOLLS SPORTS PTY LTD","Cheltenham,Victoria Australia","$35.59M"
"E-STEEL (AUST) PTY LTD","Dandenong South,Victoria Australia","$35.47M"
"BELLVIEW CORPORATION PTY LTD","Reservoir,Victoria Australia","$35.42M"
"DAYCO AUSTRALIA PTY LIMITED","Hallam,Victoria Australia","$35.38M"
"NATIONAL INDUSTRIES PTY LTD","Campbellfield,Victoria Australia","$35.32M"
"ACN 004 747 942 PTY LTD","Braeside,Victoria Australia","$35.29M"
"FESTO PTY. LIMITED","Noble Park,Victoria Australia","$35.27M"
"LOTUS CARAVANS PTY LTD","Maddington,Western Australia Australia","$35.26M"
"TWOAY HOLDINGS PROPRIETARY LIMITED","Knoxfield,Victoria Australia","$35.18M"
"LETTELA PTY. LIMITED","Airport West,Victoria Australia","$35.15M"
"BRIGHTON-BEST INTERNATIONAL (AU) PTY LTD","Braeside,Victoria Australia","$35.04M"
"GROVE (AUST) PTY LTD","Pakenham,Victoria Australia","$35M"
"PORTA MOULDINGS PTY. LTD.","Fairfield,Victoria Australia","$34.94M"
"SLEEPING DUCK PTY. LTD.","Prahran,Victoria Australia","$34.89M"
"The trustee for the Niksoma Family Trust & THE TRUSTEE FOR WAIPOUNAMU FAMILY TRUST","Greensborough,Victoria Australia","$34.77M"
"HEADLAND TECHNOLOGY PTY LTD","Burwood,Victoria Australia","$34.77M"
"WEATHERBEETA PTY LTD","Dandenong South,Victoria Australia","$34.75M"
"POLYMASTER PTY LTD","Swan Hill,Victoria Australia","$34.59M"
"POLYMASTER GROUP PTY LTD","Swan Hill,Victoria Australia","$34.59M"
"HERITAGE BRANDS LTD","Springvale,Victoria Australia","$34.58M"
"RYCO HYDRAULICS PTY LTD","Derrimut,Victoria Australia","$34.55M"
"ELECTRO CHEMICAL ENGINEERING PROPRIETARY LIMITED","Notting Hill,Victoria Australia","$34.46M"
"JOTUN AUSTRALIA PTY LTD","Derrimut,Victoria Australia","$34.46M"
"TAGHLEEF INDUSTRIES PTY LTD","Wodonga,Victoria Australia","$34.36M"
"TI ASIA PACIFIC PTY LTD","Wodonga,Victoria Australia","$34.36M"
"D & D TECHNOLOGIES PTY. LIMITED","Frenchs Forest,New South Wales Australia","$34.22M"
"ASSA ABLOY AUSTRALIA PTY LIMITED","Oakleigh,Victoria Australia","$34.22M"
"HEINZ WATTIE'S PTY LTD","Southbank,Victoria Australia","$34.1M"
"CEREBOS (AUSTRALIA) LIMITED","Seven Hills,New South Wales Australia","$34.1M"
"H.J. HEINZ COMPANY AUSTRALIA LIMITED","Southbank,Victoria Australia","$34.1M"
"VAN HESSEN AUSTRALIA PTY LTD","Wangaratta South,Victoria Australia","$33.97M"
"QIAGEN PTY LTD","Clayton,Victoria Australia","$33.95M"
"TEMPUR AUSTRALIA PTY LTD","Carrum Downs,Victoria Australia","$33.94M"
"VISION GROUP OF COMPANIES PTY. LTD.","Melbourne,Victoria Australia","$33.82M"
"AUSTECH WIRE & CABLE PTY LTD","Braeside,Victoria Australia","$33.8M"
"AIR AFFAIRS (AUSTRALIA) PTY. LTD.","Yerriyong,New South Wales Australia","$33.74M"
"INSIGNIA PTY LTD","Wakerley,Queensland Australia","$33.61M"
"AUSCHEM PACIFIC GROUP PTY LTD","Clayton South,Victoria Australia","$33.42M"
"PLUSH-THINK SOFAS PTY LTD","Clayton South,Victoria Australia","$33.42M"
"VISY PACKAGING PROPERTIES PTY. LTD.","Southbank,Victoria Australia","$33.23M"
"SWC BF CONSTRUCTIONS PTY LTD","Brooklyn,Victoria Australia","$33.12M"
"FROZEN BAKERY SOLUTIONS PTY LTD","Braeside,Victoria Australia","$33.01M"
"FUSION RETAIL BRANDS PTY LTD","Abbotsford,Victoria Australia","$32.93M"
"ARARAT WIND FARM PTY LTD","Ararat,Victoria Australia","$32.92M"
"IXL HOME PTY LTD","Abbotsford,Victoria Australia","$32.78M"
"MAGNETIC AUTOMATION PTY. LTD.","Campbellfield,Victoria Australia","$32.64M"
"HYDRO-CHEM PTY. LTD.","Braeside,Victoria Australia","$32.57M"
"WEBFORGE AUSTRALIA PTY LTD","Dandenong South,Victoria Australia","$32.56M"
"LOVELL SURGICAL SUPPLIES INTERNATIONAL PTY LTD","Clayton,Victoria Australia","$32.48M"
"TONE ENTERPRISES PTY LTD","Benalla,Victoria Australia","$32.44M"
"DOREL AUSTRALIA HOLDINGS PTY LTD","Sunshine West,Victoria Australia","$32.42M"
"MODERNA AUSTRALIA PTY LTD","Melbourne,Victoria Australia","$32.36M"
"BRIVIS CLIMATE SYSTEMS PTY LTD","Keysborough,Victoria Australia","$32.14M"
"VISY GLASS INTERNATIONAL PTY LTD","Southbank,Victoria Australia","$31.97M"
"GEELONG LEATHER PTY. LTD.","Laverton North,Victoria Australia","$31.95M"
"DUNBIER MARINE PRODUCTS PTY. LTD.","Braeside,Victoria Australia","$31.84M"
"MACQUARRIE CORPORATION PTY. LTD.","Port Melbourne,Victoria Australia","$31.81M"
"EVOLUTION RAIL PTY LTD","Melbourne,Victoria Australia","$31.76M"
"DAIR INDUSTRIES VIC PTY LTD","Lyndhurst,Victoria Australia","$31.74M"
"HOLMES NOMINEES (AUST) PTY. LTD.","Breakwater,Victoria Australia","$31.72M"
"MSSL AUSTRALIA PTY LTD","Mulgrave,Victoria Australia","$31.71M"
"PRIMA FURNITURE (AUST) PTY. LTD.","Tullamarine,Victoria Australia","$31.65M"
"MURRAY RIVER ORGANICS GROUP LIMITED","Dandenong South,Victoria Australia","$31.64M"
"GRAPHIC PACKAGING INTERNATIONAL AUSTRALIA CONVERTING LTD","Braeside,Victoria Australia","$31.59M"
"WASTECH GROUP PTY LIMITED","Hallam,Victoria Australia","$31.58M"
"STODDART (VICTORIA) PTY LTD","Lynbrook,Victoria Australia","$31.51M"
"AUSTRALIAN LOCK COMPANY PTY LTD","Unanderra,New South Wales Australia","$31.34M"
"BATA SHOE COMPANY OF AUSTRALIA PTY. LIMITED","Mornington,Victoria Australia","$31.31M"
"THE PASTORAL PORK COMPANY PTY. LTD.","Newtown,Victoria Australia","$31.27M"
"HORIZON AUTOMATIC DOORS PTY LTD","Hallam,Victoria Australia","$31.2M"
"PEACOCK BROS. PROPRIETARY LIMITED","Oakleigh,Victoria Australia","$31.18M"
"CMYKHUB VIC PTY LTD","Heidelberg West,Victoria Australia","$31.16M"
"JARDAN AUSTRALIA PTY LTD","Scoresby,Victoria Australia","$31.13M"
"FLANDERS ELECTRIC OF AUSTRALIA PTY LTD","Darra,Queensland Australia","$31.05M"
"HYDAC PTY LTD","Altona North,Victoria Australia","$31.01M"
"ABARIS PRINTING & PUBLISHING CO. PROPRIETARY LIMITED","Derrimut,Victoria Australia","$30.84M"
"SAFECORP FINANCIAL SERVICES PTY LTD","Keysborough,Victoria Australia","$30.73M"
"BARRO GROUP PTY. LIMITED","Carlton,Victoria Australia","$30.67M"
"RADIOMETER PACIFIC PTY LIMITED","Mount Waverley,Victoria Australia","$30.62M"
"LEICA BIOSYSTEMS MELBOURNE PTY LTD","Mount Waverley,Victoria Australia","$30.62M"
"SOUTHERN IMPACT PTY LTD","Mount Waverley,Victoria Australia","$30.6M"
"GUNN & TAYLOR PRINTERS PTY LTD","Glen Waverley,Victoria Australia","$30.6M"
"ASP SHIPS PTY LTD","Melbourne,Victoria Australia","$30.59M"
"AL-KO CHASSIS SYSTEMS PTY LTD","Campbellfield,Victoria Australia","$30.56M"
"FIRST SOLAR (AUSTRALIA) PTY LTD","Carlton South,Victoria Australia","$30.49M"
"ARROW ELECTRONICS AUSTRALIA PTY LTD","Bayswater North,Victoria Australia","$30.48M"
"BLICK PTY LIMITED","Tullamarine,Victoria Australia","$30.42M"
"STEEL CEMENT PTY LTD","Port Melbourne,Victoria Australia","$30.39M"
"BHP METALS EXPLORATION PTY LTD","Melbourne,Victoria Australia","$30.37M"
"BRICK LANE BREWING CO PTY LTD","Dandenong South,Victoria Australia","$30.21M"
"FOODMACH PTY. LTD.","Echuca,Victoria Australia","$30.04M"
"FRANKLIN ELECTRIC (AUSTRALIA) PTY LTD","Dandenong South,Victoria Australia","$30.03M"
"TREMCO CPG AUSTRALIA PTY LTD","Keysborough,Victoria Australia","$30.03M"
"NATIO PTY LTD","Heidelberg West,Victoria Australia","$29.93M"
"WILSON TRANSFORMER COMPANY PROPRIETARY LIMITED","Glen Waverley,Victoria Australia","$29.88M"
"A.E. ATHERTON & SONS PROPRIETARY LIMITED","Alphington,Victoria Australia","$29.88M"
"POLYFOAM (AUSTRALIA) PTY. LTD.","Moorebank,New South Wales Australia","$29.85M"
"KEEPCUP PTY LTD","Clifton Hill,Victoria Australia","$29.82M"
"BRISBANE PROSTHETICS PTY LTD","Moorooka,Queensland Australia","$29.79M"
"CLARK RUBBER (NARRE WARREN VIC) PTY LTD","Hawthorn,Victoria Australia","$29.76M"
"AUSTRALIAN UAV PTY LTD","Cheltenham,Victoria Australia","$29.76M"
"LANTMANNEN UNIBAKE AUSTRALIA PTY LTD","Mordialloc,Victoria Australia","$29.65M"
"TRENDGOSA PTY LTD","Heidelberg Heights,Victoria Australia","$29.58M"
"ROSEBANK ENGINEERING PTY LTD","Bayswater,Victoria Australia","$29.52M"
"FLORIDIA CHEESE PTY LTD","Thomastown,Victoria Australia","$29.46M"
"TEMPTATION BAKERIES PTY LTD","Chelsea Heights,Victoria Australia","$29.46M"
"CELLESTIS PTY LTD","Chadstone,Victoria Australia","$29.43M"
"ADVANCED PRECAST (NSW) PTY LTD","Wetherill Park,New South Wales Australia","$29.37M"
"CHEETHAM SALT LIMITED","Melbourne,Victoria Australia","$29.33M"
"GLAXOSMITHKLINE INVESTMENTS PTY LTD","Abbotsford,Victoria Australia","$29.32M"
"GLAXOSMITHKLINE AUSTRALIA PTY LTD","Abbotsford,Victoria Australia","$29.32M"
"FIBREGLASS TRANSPORT EQUIPMENT PTY. LTD.","Dandenong South,Victoria Australia","$29.28M"
"INTERPACK PTY LTD","Deer Park,Victoria Australia","$29.27M"
"3FOLD RESOURCES PTY. LTD.","Dandenong South,Victoria Australia","$29.27M"
"STARPHARMA PTY LTD","Abbotsford,Victoria Australia","$29.2M"
"A-GAS (AUSTRALIA) PTY LIMITED","Laverton North,Victoria Australia","$29.12M"
"DOREL AUSTRALIA PTY LTD","Sunshine West,Victoria Australia","$29.11M"
"SUN PHARMACEUTICAL INDUSTRIES (AUSTRALIA) PTY LTD","Port Fairy,Victoria Australia","$29.1M"
"HOFESH PLUS PTY LTD","Clayton South,Victoria Australia","$29.09M"
"BIOPROPERTIES PTY. LTD.","Ringwood,Victoria Australia","$29.07M"
"BETTER BEER HOLDINGS PTY LTD","Torquay,Victoria Australia","$29.06M"
"SCHOTT MINIFAB PTY LTD","Scoresby,Victoria Australia","$29.05M"
"ADCORP AUSTRALIA (VIC) PTY. LIMITED","Melbourne,Victoria Australia","$29.04M"
"DERWENT INDUSTRIES PTY LTD","Derwent Park,Tasmania Australia","$28.97M"
"LITSUPPORT PTY LIMITED","Melbourne,Victoria Australia","$28.84M"
"VISY GLASS PACKAGING PENRITH PTY LTD","Southbank,Victoria Australia","$28.79M"
"BRISBANE CULLET PTY LTD","Southbank,Victoria Australia","$28.79M"
"VISY GLASS PACKAGING SERVICES PTY LTD","Southbank,Victoria Australia","$28.79M"
"VISY GLASS OPERATIONS (AUSTRALIA) PTY LTD","Southbank,Victoria Australia","$28.79M"
"DOMAINE CHANDON AUSTRALIA PTY. LTD.","Coldstream,Victoria Australia","$28.74M"
"CEM HOLDINGS PTY. LTD.","Coolaroo,Victoria Australia","$28.73M"
"TAHBILK PROPRIETARY LIMITED","Tabilk,Victoria Australia","$28.72M"
"AUGUSTA OPERATING PTY LIMITED","Kenley,Victoria Australia","$28.71M"
"APT ASIA PACIFIC PTY LTD","Dandenong South,Victoria Australia","$28.65M"
"CARBON REVOLUTION PTY LTD","Waurn Ponds,Victoria Australia","$28.64M"
"PRIMA PMI PTY LTD","Noble Park North,Victoria Australia","$28.63M"
"CLARK RUBBER (ST MARYS SA) PTY LTD","Hawthorn,Victoria Australia","$28.55M"
